year_new,group,employment_1,employment_2,employment_3,employment_4,employment_5,employment_6,employment_7,employment_8,employment_9,employment_10,employment_11,employment_12,employment_13,employment_14,employment_15,employment_16,employment_17,employment_18,employment_19,employment_20,employment_21,employment_22,employment_23,employment_NA,sample_1,sample_2,sample_3,sample_4,sample_5,sample_6,sample_7,sample_8,sample_9,sample_10,sample_11,sample_12,sample_13,sample_14,sample_15,sample_16,sample_17,sample_18,sample_19,sample_20,sample_21,sample_22,sample_23,sample_NA
2003,all_16plus,3632823.0999568305,1372782.7962751389,800540.5385087332,659104.306350708,331698.2672259013,547588.2871999741,362015.7714958191,2009835.9840052922,663141.2352549235,1657628.6744435627,730620.5576098759,665868.6129423777,1819817.6748600006,1114095.7031555176,1043325.4031346639,3949964.828853607,4912432.247472127,227167.95058695474,1863938.405986786,1255238.0781402588,2411310.860373815,2062675.7139193218,0,102720292.59141159,23560,8512,4712,4152,2153,3466,2309,12771,4188,10135,4661,4017,11973,7434,6878,24910,31469,1717,12790,7961,15416,13337,36,1096767
2004,all_16plus,14454331.864399275,5492250.267653783,3100346.7988764443,2727441.9707578025,1380391.9896062214,2189055.9641424813,1543626.919751485,7777826.848499298,2662031.2800420127,6698267.560065587,2918707.803340912,2779816.1255718865,7184981.093125026,4981570.837803205,4263660.108673096,16005265.85790507,19431277.715935707,1041129.1698830923,8245220.7186762495,5059410.412561417,9688956.947235426,8349902.625623703,0,0,91170,33309,18224,16381,8577,13582,9479,48911,16587,40371,18542,16417,47063,31896,27703,99587,122269,7548,52877,31326,59754,52491,182,432585
2005,all_16plus,14500869.21726354,5730361.563571294,3173185.7859617868,2777307.864244461,1365491.207089742,2151595.800619761,1553441.8675619762,7966206.8561855955,2697402.856395086,6659793.147001903,2951130.167740504,2847607.833629926,7347060.048090935,5231337.249830882,4512262.843191464,16040701.716568312,19493748.479853313,981876.3349405924,8663314.529974619,5094288.514330546,9418692.826380411,8556026.121245066,0,0,89249,33424,18017,15872,8404,13185,9356,49386,16387,39644,18261,16269,46912,32375,28191,97411,119444,7218,53820,30706,56774,51527,170,429486
2006,all_16plus,14923439.230261484,5796777.868956248,3245115.1592419944,2810349.0980033875,1412412.4699700673,2143509.5277576447,1612373.6145006816,8093710.620529175,2730225.6000528336,6826300.5491428375,3122751.3055070243,2891400.8199383416,7371335.298124949,5292151.706912994,4597017.882078807,16493467.251947403,19558020.54146226,981973.7277768453,9291204.212214788,5226934.031983693,9382199.79984506,8652624.76254336,0,0,90243,33440,17825,15986,8837,12925,9572,49234,16266,39831,18657,16456,46159,32529,28355,97674,116966,7055,56078,30313,55045,51094,191,425233
2007,all_16plus,15295363.062615713,6053026.111934662,3227537.341032664,2852146.291089376,1424809.5776278179,2169091.8194796243,1650620.5349019368,8268449.628423055,2758514.2240282693,7145438.7900937395,3123940.591527303,2965283.750506083,7693404.151692708,5399501.616898854,4734871.377909343,16756208.489533743,19507804.012950897,974380.6065724691,9581098.462844849,5333374.452935536,9311875.926664988,8852789.426171621,0,0,90387,34502,17611,15830,8719,13079,9705,48727,16186,40739,18289,16415,46369,32540,28567,96221,114588,6737,56725,30222,53759,51017,139,420853
2008,all_16plus,15530359.93600591,6087060.756385803,3534973.2815793357,2939616.067059835,1367943.6898231506,2274749.7442881265,1672902.3459358215,8454637.769257864,2797151.500647227,7289061.737183888,3130379.5069999695,3072709.9827550254,7707429.88734436,5507155.633759816,4763578.471522014,16585481.379561106,19544797.638577778,964946.2592213949,9352596.029768625,5240568.1969566345,9408024.059866587,8836020.083243052,0,0,89761,34234,18912,16239,8311,13445,9796,49174,16338,40947,18258,16689,45877,32200,28206,94395,112856,6695,54578,29024,53200,50125,126,422494
2009,all_16plus,15873440.190286001,6197687.657141368,3610236.038787842,2882394.0852762857,1312440.5590171814,2302861.4516309104,1696000.578927358,8644247.565550486,2771688.6579958596,7433120.0795885725,3277770.1618131003,3057099.993124644,7828822.951188405,5404256.360312144,5008402.084917705,16094218.682106018,18972091.330745697,959114.659837087,8342501.23839442,5164794.160929362,8623058.954134623,8748622.964968363,0,0,92127,35068,19583,15974,8069,13535,9963,49883,16269,41768,18695,16468,46658,31509,29148,92281,109974,6667,51726,29122,50398,50530,154,424038
2010,all_16plus,15333541.971347809,6070746.738751729,3494115.691010793,2716021.6921170554,1340716.5404904683,2357144.222969055,1709733.2208137512,8653717.6803538,2755382.058265686,7766457.048900604,3318337.8828341165,3207660.8075052896,7683986.510798137,5351499.195064545,5044340.128701528,15525872.141590118,18047956.661547344,929863.9737383524,7319683.200004578,4870523.084354401,7558384.674701691,8123482.182811737,0,0,91543,35249,19602,15959,8380,13940,10148,50770,16727,43798,19469,17467,47408,32972,30058,92005,108520,6758,48935,28824,48261,49671,208,440202
2011,all_16plus,14943252.090966543,5993515.985256195,3515041.1570472717,2680090.4144388833,1399998.8794225056,2339536.5622444153,1715871.7485555012,8623188.88539505,2772154.652076721,7833231.479157765,3318172.857143402,3249319.5228741965,7691658.695398967,5353737.384092967,5003269.7375017805,15394682.507516226,18041147.995816547,1002730.3101209005,7140457.306933085,4919503.718968709,8128961.69678243,8225985.458625793,0,0,88231,34753,19477,15244,8622,13777,9866,50228,16354,43631,19456,17798,47059,32986,30509,89617,107620,7011,46934,28652,48899,48672,227,447760
2012,all_16plus,15377598.163247427,6414068.445036571,3671304.5911471047,2768678.0842577615,1291392.8996124268,2330022.6728604636,1763197.301410675,8548132.545515696,2789858.747037252,7758853.964556376,3404965.6142832437,3219519.1843032837,7848839.592488606,5521203.388999939,5029508.762884776,15405071.643989563,17724655.985541027,996116.5658836365,7140336.067807515,4862125.079125722,8225728.522139232,8393592.560573578,0,0,88417,36496,20032,15345,7951,13654,10011,49334,16103,42912,19557,17348,45617,32808,30007,87064,103762,6867,44490,27337,47365,48249,232,452284
2013,all_16plus,16090679.043388367,6683064.600934346,3870072.17918396,2838001.990460714,1335481.7686589558,2268081.1987317405,1789174.5366834004,8558752.682704926,2808941.408126831,8038752.32829539,3482186.011961619,3130224.411416372,8066252.931990306,5637818.136619568,5293661.97549057,15369758.299940744,17742892.319179535,985306.57373046875,6996707.666637421,4858984.972332001,8421518.121634165,8577688.588247934,0,0,90903,37203,20803,15358,8181,13197,9978,48851,16110,43969,19226,16613,45561,32362,30047,84903,100388,6573,42515,26723,47252,48518,209,453251
2014,all_16plus,16049112.608297983,6732436.905788422,4030105.7187678018,2785834.53501002,1298963.2567685444,2355970.4107666016,1806462.3963826497,8692290.36084493,2926578.281346639,8258234.419862111,3550097.129697164,3139653.584627787,8198040.301713307,5665216.136525472,5382408.632498424,15628837.700569153,17713356.452650707,985727.3464419048,7249876.77104187,4951146.0880355835,8278653.315288544,8767913.767309824,0,0,89918,36705,21109,14959,7877,13184,10030,48372,16217,44025,18959,16193,45019,31625,30222,84486,97976,6393,41711,26273,45372,47767,245,457687
2015,all_16plus,16320829.207136154,7067282.988540013,4362128.579147339,2827675.8575515747,1378570.8642018635,2530431.2299868264,1815450.9174677532,8746817.809814772,2961931.3219763436,8512652.124036789,3460479.6588745117,3085406.3967920938,8162391.85800616,5768218.064552307,5369513.382731755,15659182.589283943,17805970.41526413,1043471.3190231323,7645588.149193446,4903296.655036926,8517089.548892975,9073897.72927475,0,0,89418,37376,21835,14773,8104,13971,10001,48335,16069,45037,18510,15981,44133,31798,29502,83187,96817,6739,43118,26157,45554,48391,170,468566
2016,all_16plus,17220375.922175724,7182232.557153066,4448947.652994792,2971426.434038798,1400022.1026128132,2615531.033313751,1787521.5789616902,8894860.238367716,3039584.3007621765,8851723.015963873,3522496.349925995,3086156.2402280173,8298766.940600078,5717573.282979329,5459332.64325269,15753846.275221506,17833021.943490345,1073347.2701625824,7706329.962183635,4989728.8700790405,8517441.24355189,9174116.518400827,0,0,89234,36508,20628,14805,7790,13797,9657,47109,15487,44918,17776,15276,43217,30340,28501,79933,92625,6699,41491,25870,43443,47154,145,467310
2017,all_16plus,17450728.883715313,7542529.499492645,4611098.150641124,3167649.543485006,1367247.43890508,2590157.5125401816,1809491.9370613098,9007765.357887268,3146680.68224589,8998072.049256643,3544702.576382955,3131137.936396281,8541040.466334024,5823888.605139415,5872776.573637645,15872532.120665232,17662824.209140778,1126614.1309432983,7933889.275018056,4925830.793617249,8398805.51288096,9319906.249368032,0,0,89667,37628,21560,15554,7350,13598,9740,47383,16099,45540,17679,15444,43752,30279,30007,79988,90627,6802,42297,25128,42802,47268,129,469487
2018,all_16plus,17860915.50256856,7617476.605130513,4931307.361618042,3254437.077228546,1469435.1254145305,2670530.066680908,1857207.5676651,9281597.096459707,3260862.82170105,9163052.947901407,3564978.934211731,3132191.6641921997,8254077.061808269,5920961.48279953,5943076.386274974,15729366.972909292,17736733.39933777,1181732.152990977,8159994.094454448,4944541.733829498,8523401.267495474,9494470.60013326,0,0,89243,36645,22098,15250,7644,13408,9582,46716,15875,44825,16737,14959,40892,29418,29232,76363,87542,6835,41124,24393,41405,46264,82,460748
2019,all_16plus,18439062.64638265,7642889.840675354,5132199.156262715,3299412.5455614724,1518995.488157908,2678253.4094835916,1889034.0694681804,9324256.650749207,3328809.4089368186,9497193.342006683,3610604.826408386,3158860.1209996543,8269555.601024628,5828074.507907867,5992918.450871785,15772578.42444992,17711552.901412964,1136787.370803833,8407761.89569219,4932636.219730377,8644558.700262705,9998751.13455073,0,0,88426,35158,22102,14780,7618,12899,9193,45193,15451,44418,16452,14391,38956,27814,27972,73600,83736,6342,39773,23203,40517,45756,90,445003
2020,all_16plus,18969926.427734375,8260134.340209961,5450396.4550259905,3255257.4053789773,1505433.692586263,2727228.372885386,1960918.192829132,9384614.717208862,3352252.9289449058,9751403.491982779,4132549.088255564,3173870.025277456,8427038.454232534,5693694.816464742,5523460.59389623,15510335.442473093,17380453.730824787,1154534.1437886555,8248157.2721379595,4920372.752560933,8460524.724319458,10512671.855150858,0,0,86668,35661,22115,14013,7092,12490,8976,43488,14856,43655,17526,13530,37440,25978,24507,69232,78643,5964,37276,22196,38157,45921,90,429826
2021,all_16plus,18529659.908120472,8488239.371391296,5648639.384301503,3133062.7871793113,1614401.9412727356,2688667.5002886453,1851361.7799097698,8773609.922845205,2955137.317276001,9527115.12105306,4698731.077260335,2979067.5640042624,6196537.873432159,5011647.0255572,3210790.062070211,14073602.284828186,15482472.292705536,1020583.4085973104,7603963.4469566345,4545534.5670000715,7474900.938849132,10472091.396055857,0,0,78787,33901,20625,12381,7009,11187,8007,38249,12578,38670,19333,11882,29902,21916,15244,59226,66053,5059,32539,19471,31783,44528,74,405977
2022,all_16plus,19184570.67538325,9008430.952602386,5746557.5608177185,3303889.9549573264,1695863.834696452,2801785.072896322,1831354.0285186768,9037448.890494028,3195981.88199234,9690510.044184366,4888728.762119293,3025433.7992451987,7659484.015852611,5534704.898447673,3790651.81772995,14399531.115210215,15960166.905918121,1045026.2340431213,8204359.45102946,4899863.668560028,8014988.784713745,11517055.58725357,0,0,78291,34569,20869,12609,6994,11164,7673,37116,12868,38411,19176,11771,30997,22634,15316,57431,64309,4978,33253,19656,32387,45905,86,403815
2023,all_16plus,20460449.148726147,9190416.763769785,6285810.963034312,3505263.7287343345,1853106.9714355469,2937265.6180292764,1841171.2768910725,9287720.908140818,3489463.384450277,9842388.933745066,5004628.542003632,3048371.322582245,8041648.646486918,5539496.977386475,4021217.0161883035,14231636.140061697,15980147.544420877,966357.5678927103,8475326.556938171,4825417.359372457,8339048.550075531,11831308.721407572,0,0,78339,33512,21456,12708,7153,11178,7233,35870,12856,37135,18269,11071,29839,21184,14978,53747,60828,4423,32043,18345,31165,43625,50,389211
2024,all_16plus,20800837.268318176,9739916.415945688,6451331.955752055,3573795.288787842,1885613.3625780742,2892675.566332499,1881075.8401031494,9412431.874622345,3491581.5106786094,10264152.203550974,5197254.674476624,3074230.5822906494,8226991.966379802,5622213.910752614,4187914.4728902183,14320255.45190684,15845056.244719187,993787.2863413492,8449318.67695872,4922537.5686632795,8226972.941846211,11757960.081139883,0,0,78934,34893,21816,12734,7281,10941,7257,35615,12627,37966,18771,10792,29808,21182,15162,52875,59114,4567,31487,18464,30623,42542,69,384892
2025,all_16plus,20776132.517845154,9958839.62257131,6510301.568196614,3627415.2914683023,1907840.6937383015,2928130.388116201,1852781.377123515,9537008.350130716,3461424.857234955,10420791.176261902,5596733.325333913,3186642.26285553,8058816.875937144,5752848.972525279,4073537.75361379,14056405.578989664,15992932.680096945,971677.0193099976,8455130.453580221,4913342.263648987,7922872.818099976,11965690.233355204,0,0,77309,35238,21752,12712,7261,10841,7105,35614,12624,37374,19720,11203,29079,21392,14754,51372,58657,4432,31480,18013,29060,42934,59,380961
2026,all_16plus,20852538.499096956,10238263.684211038,6659322.118139094,3683922.5381192295,1833665.7450894443,2880004.2084114766,1880289.3755354448,9399197.904811513,3521308.651507291,10375424.562938344,5804925.3025609795,3319865.295161854,8386149.360063033,5663810.648037997,4067217.0152102383,14167633.476160223,16439105.68093872,978701.5392969305,8439662.987393467,5059273.2858193135,7781213.495276711,11905487.366256714,0,0,67185,30883,19012,10819,6212,9118,6214,30418,11056,31906,17505,10116,25678,17954,12374,44483,51638,3623,26608,15839,24362,36401,75,338478
1979,all_16plus,NA,NA,NA,NA,NA,NA,NA,NA,NA,NA,NA,NA,NA,NA,NA,NA,NA,NA,NA,NA,NA,NA,NA,23737650.22055896,NA,NA,NA,NA,NA,NA,NA,NA,NA,NA,NA,NA,NA,NA,NA,NA,NA,NA,NA,NA,NA,NA,NA,327236
1980,all_16plus,NA,NA,NA,NA,NA,NA,NA,NA,NA,NA,NA,NA,NA,NA,NA,NA,NA,NA,NA,NA,NA,NA,NA,97983541.16506942,NA,NA,NA,NA,NA,NA,NA,NA,NA,NA,NA,NA,NA,NA,NA,NA,NA,NA,NA,NA,NA,NA,NA,1372349
1981,all_16plus,NA,NA,NA,NA,NA,NA,NA,NA,NA,NA,NA,NA,NA,NA,NA,NA,NA,NA,NA,NA,NA,NA,NA,99484195.8588845,NA,NA,NA,NA,NA,NA,NA,NA,NA,NA,NA,NA,NA,NA,NA,NA,NA,NA,NA,NA,NA,NA,NA,1548152
1982,all_16plus,NA,NA,NA,NA,NA,NA,NA,NA,NA,NA,NA,NA,NA,NA,NA,NA,NA,NA,NA,NA,NA,NA,NA,100417038.52031915,NA,NA,NA,NA,NA,NA,NA,NA,NA,NA,NA,NA,NA,NA,NA,NA,NA,NA,NA,NA,NA,NA,NA,1418214
1983,all_16plus,NA,NA,NA,NA,NA,NA,NA,NA,NA,NA,NA,NA,NA,NA,NA,NA,NA,NA,NA,NA,NA,NA,NA,99585712.75940466,NA,NA,NA,NA,NA,NA,NA,NA,NA,NA,NA,NA,NA,NA,NA,NA,NA,NA,NA,NA,NA,NA,NA,1403899
1984,all_16plus,NA,NA,NA,NA,NA,NA,NA,NA,NA,NA,NA,NA,NA,NA,NA,NA,NA,NA,NA,NA,NA,NA,NA,102240752.3168524,NA,NA,NA,NA,NA,NA,NA,NA,NA,NA,NA,NA,NA,NA,NA,NA,NA,NA,NA,NA,NA,NA,NA,1390870
1985,all_16plus,NA,NA,NA,NA,NA,NA,NA,NA,NA,NA,NA,NA,NA,NA,NA,NA,NA,NA,NA,NA,NA,NA,NA,105934251.75637674,NA,NA,NA,NA,NA,NA,NA,NA,NA,NA,NA,NA,NA,NA,NA,NA,NA,NA,NA,NA,NA,NA,NA,1375200
1986,all_16plus,NA,NA,NA,NA,NA,NA,NA,NA,NA,NA,NA,NA,NA,NA,NA,NA,NA,NA,NA,NA,NA,NA,NA,107794266.80611007,NA,NA,NA,NA,NA,NA,NA,NA,NA,NA,NA,NA,NA,NA,NA,NA,NA,NA,NA,NA,NA,NA,NA,1370459
1987,all_16plus,NA,NA,NA,NA,NA,NA,NA,NA,NA,NA,NA,NA,NA,NA,NA,NA,NA,NA,NA,NA,NA,NA,NA,110308036.82801437,NA,NA,NA,NA,NA,NA,NA,NA,NA,NA,NA,NA,NA,NA,NA,NA,NA,NA,NA,NA,NA,NA,NA,1347869
1988,all_16plus,NA,NA,NA,NA,NA,NA,NA,NA,NA,NA,NA,NA,NA,NA,NA,NA,NA,NA,NA,NA,NA,NA,NA,113205124.34429741,NA,NA,NA,NA,NA,NA,NA,NA,NA,NA,NA,NA,NA,NA,NA,NA,NA,NA,NA,NA,NA,NA,NA,1349832
1989,all_16plus,NA,NA,NA,NA,NA,NA,NA,NA,NA,NA,NA,NA,NA,NA,NA,NA,NA,NA,NA,NA,NA,NA,NA,115722803.64595985,NA,NA,NA,NA,NA,NA,NA,NA,NA,NA,NA,NA,NA,NA,NA,NA,NA,NA,NA,NA,NA,NA,NA,1267538
1990,all_16plus,NA,NA,NA,NA,NA,NA,NA,NA,NA,NA,NA,NA,NA,NA,NA,NA,NA,NA,NA,NA,NA,NA,NA,117905730.7168382,NA,NA,NA,NA,NA,NA,NA,NA,NA,NA,NA,NA,NA,NA,NA,NA,NA,NA,NA,NA,NA,NA,NA,1330270
1991,all_16plus,NA,NA,NA,NA,NA,NA,NA,NA,NA,NA,NA,NA,NA,NA,NA,NA,NA,NA,NA,NA,NA,NA,NA,118460393.69781747,NA,NA,NA,NA,NA,NA,NA,NA,NA,NA,NA,NA,NA,NA,NA,NA,NA,NA,NA,NA,NA,NA,NA,1361357
1992,all_16plus,NA,NA,NA,NA,NA,NA,NA,NA,NA,NA,NA,NA,NA,NA,NA,NA,NA,NA,NA,NA,NA,NA,NA,117776557.54022916,NA,NA,NA,NA,NA,NA,NA,NA,NA,NA,NA,NA,NA,NA,NA,NA,NA,NA,NA,NA,NA,NA,NA,1343852
1993,all_16plus,NA,NA,NA,NA,NA,NA,NA,NA,NA,NA,NA,NA,NA,NA,NA,NA,NA,NA,NA,NA,NA,NA,NA,118880139.05278015,NA,NA,NA,NA,NA,NA,NA,NA,NA,NA,NA,NA,NA,NA,NA,NA,NA,NA,NA,NA,NA,NA,NA,1323030
1994,all_16plus,NA,NA,NA,NA,NA,NA,NA,NA,NA,NA,NA,NA,NA,NA,NA,NA,NA,NA,NA,NA,NA,NA,NA,121028008.39466794,NA,NA,NA,NA,NA,NA,NA,NA,NA,NA,NA,NA,NA,NA,NA,NA,NA,NA,NA,NA,NA,NA,NA,1299191
1995,all_16plus,NA,NA,NA,NA,NA,NA,NA,NA,NA,NA,NA,NA,NA,NA,NA,NA,NA,NA,NA,NA,NA,NA,NA,123904063.8097852,NA,NA,NA,NA,NA,NA,NA,NA,NA,NA,NA,NA,NA,NA,NA,NA,NA,NA,NA,NA,NA,NA,NA,1268606
1996,all_16plus,NA,NA,NA,NA,NA,NA,NA,NA,NA,NA,NA,NA,NA,NA,NA,NA,NA,NA,NA,NA,NA,NA,NA,125196184.38590972,NA,NA,NA,NA,NA,NA,NA,NA,NA,NA,NA,NA,NA,NA,NA,NA,NA,NA,NA,NA,NA,NA,NA,1208440
1997,all_16plus,NA,NA,NA,NA,NA,NA,NA,NA,NA,NA,NA,NA,NA,NA,NA,NA,NA,NA,NA,NA,NA,NA,NA,127587923.35545795,NA,NA,NA,NA,NA,NA,NA,NA,NA,NA,NA,NA,NA,NA,NA,NA,NA,NA,NA,NA,NA,NA,NA,1112918
1998,all_16plus,NA,NA,NA,NA,NA,NA,NA,NA,NA,NA,NA,NA,NA,NA,NA,NA,NA,NA,NA,NA,NA,NA,NA,130262921.24430592,NA,NA,NA,NA,NA,NA,NA,NA,NA,NA,NA,NA,NA,NA,NA,NA,NA,NA,NA,NA,NA,NA,NA,1114126
1999,all_16plus,NA,NA,NA,NA,NA,NA,NA,NA,NA,NA,NA,NA,NA,NA,NA,NA,NA,NA,NA,NA,NA,NA,NA,132026979.62193489,NA,NA,NA,NA,NA,NA,NA,NA,NA,NA,NA,NA,NA,NA,NA,NA,NA,NA,NA,NA,NA,NA,NA,1118314
2000,all_16plus,NA,NA,NA,NA,NA,NA,NA,NA,NA,NA,NA,NA,NA,NA,NA,NA,NA,NA,NA,NA,NA,NA,NA,134419650.68889365,NA,NA,NA,NA,NA,NA,NA,NA,NA,NA,NA,NA,NA,NA,NA,NA,NA,NA,NA,NA,NA,NA,NA,1126640
2001,all_16plus,NA,NA,NA,NA,NA,NA,NA,NA,NA,NA,NA,NA,NA,NA,NA,NA,NA,NA,NA,NA,NA,NA,NA,137178671.00652632,NA,NA,NA,NA,NA,NA,NA,NA,NA,NA,NA,NA,NA,NA,NA,NA,NA,NA,NA,NA,NA,NA,NA,1112295
2002,all_16plus,NA,NA,NA,NA,NA,NA,NA,NA,NA,NA,NA,NA,NA,NA,NA,NA,NA,NA,NA,NA,NA,NA,NA,136538877.56880632,NA,NA,NA,NA,NA,NA,NA,NA,NA,NA,NA,NA,NA,NA,NA,NA,NA,NA,NA,NA,NA,NA,NA,1253473
2003,all_grads,1190545.2754160562,604955.1655006409,362676.1737454732,284165.7084007263,106518.2325706482,167954.10420099893,49388.402303059906,743792.7291049957,256378.6984430949,497419.1815706889,59349.791893005364,116093.4146563212,101460.65996424358,61799.14523442586,111284.1811358134,878250.0888621012,627273.976931254,8130.018882751462,90131.60517247517,74032.35422770183,130587.02524693806,115975.64199002583,0,19751070.86127345,7445,3681,2105,1818,722,1096,318,4748,1639,2975,352,694,657,379,683,5295,4147,71,618,487,811,776,2,169613
2004,all_grads,4769252.5924561815,2439335.151034037,1409266.5624949138,1187854.4715652466,461052.82592264813,722586.9636942545,221863.1867713928,2922381.744006475,1084087.0805079143,1921246.6535669963,194933.90014012656,496458.03968811035,440070.689810435,248245.31231625873,483219.10866673785,3566943.8353157043,2672768.399573008,48484.938634236656,413036.5861002604,306714.8742980957,583062.2670599619,500615.7317428589,0,0,29148,14457,8147,7203,2833,4507,1327,18496,6620,11814,1230,2978,2731,1581,3052,21254,16734,389,2698,1859,3596,3073,28,45511
2005,all_grads,4763034.224334399,2530970.5175959268,1444800.5455010731,1178303.3997306824,446518.2034327189,711961.0596167246,216498.94049072266,2910533.000932058,1109346.144191742,1880540.288722992,210095.32863235474,553767.0420223871,437112.7990900675,259459.5466785431,535573.1435559591,3592769.525873184,2814511.2921689353,44744.44434992473,415322.6848564148,359655.7108001709,553400.9482529958,469634.9510650635,0,0,28600,14259,8188,6773,2818,4374,1276,18417,6624,11445,1299,3157,2640,1571,3208,20878,16903,392,2778,2100,3331,2790,11,45891
2006,all_grads,4881869.609457652,2529217.8905919394,1480740.137983958,1165183.456934611,458804.16923268634,741580.5749073029,220578.97179539996,2990511.1525891623,1124248.6199862163,1942305.0582192738,238669.54136657715,560278.9834019343,443324.30192438763,284342.4726092021,534363.5414505005,3643881.2045822144,2873996.785533905,51321.779202779144,515822.1575915019,362462.30371983844,536378.0786371231,495552.79944483435,0,0,28919,14372,8154,6680,2893,4413,1374,18296,6578,11405,1346,3160,2680,1743,3244,20645,16762,427,3153,2037,3195,2833,31,46136
2007,all_grads,5122508.864859263,2762073.0744806924,1488508.3862520854,1230655.6650238037,463328.0586929321,728370.5942738851,224574.5779660543,3066348.729816437,1160466.9735806782,2079588.5800043743,253265.16753005984,600194.5175908407,477943.9946467082,312210.2676328023,552273.3225301106,3723852.2606531777,2867309.656845093,50091.18561935425,546809.3394203186,407070.42534891766,557479.5115483602,520135.53500493366,0,0,29461,15409,8092,6793,2787,4385,1387,17961,6693,11693,1426,3252,2822,1846,3241,20581,16616,401,3229,2192,3260,3001,12,46248
2008,all_grads,5361237.388156891,2780925.648698171,1667318.2989171345,1290200.4487317402,486320.2920303345,772505.6065648397,248613.06636810306,3138895.753993988,1241602.3064626057,2190438.1795310974,245436.60457738242,594321.7834892273,521704.8768539429,288040.8743336995,597423.6800982157,3769936.104962667,2954099.1865730286,38904.63164901734,507128.94090525305,393372.66858673096,634946.6312726339,536877.2710647583,0,0,30020,15270,8835,7123,2879,4512,1442,18073,7035,12247,1453,3260,2922,1730,3351,20529,16862,335,3043,2088,3493,2997,16,47573
2009,all_grads,5325544.178783417,2791459.7073809304,1712800.574804942,1303605.4280675252,443656.4136047363,772811.5425860087,245242.73596445718,3248998.0292053223,1216602.822903951,2228016.3701311746,290316.65193049115,622924.4072672526,566074.778553009,293490.6535288493,620546.9469108582,3709398.3219833374,2914881.422855377,43376.34404500325,474792.2840461731,390608.5681012472,554193.2012379965,575619.9843406677,0,0,30427,15472,9172,7112,2774,4421,1446,18533,6998,12573,1584,3273,3179,1714,3543,20253,16752,329,2937,2067,3216,3272,13,48207
2010,all_grads,5219994.6393966675,2792466.293282827,1593168.2169380188,1216584.0794436138,465388.01320648193,791296.3972549438,259436.42580540976,3164032.3956082663,1240908.365205129,2258569.1224250793,296930.67519887286,656724.2830759684,588031.60567983,307121.7143618266,678815.8923899333,3567959.579853058,3006127.5759569802,48638.663857777916,440539.1387036641,421463.568417867,509725.0152244568,528700.2091089884,0,0,30355,15722,8918,7022,2857,4680,1557,18671,7234,12944,1712,3460,3538,1877,4006,20267,17872,389,2798,2269,3085,3107,14,49936
2011,all_grads,5073214.211513519,2805254.211778005,1630585.4912427266,1211690.8020006816,466504.5305836995,785623.662932078,252797.6634051005,3031127.384619395,1264681.1461537678,2319103.8843447366,302451.81589889526,667770.6365114847,607967.3017985027,293418.2537269592,645645.2756563822,3685755.268447876,3165758.793042501,49413.8787282308,411895.84058380127,379499.6416600545,536195.1709289551,565648.8713391622,0,0,29077,16038,8997,6766,2845,4709,1455,17725,7201,13149,1733,3641,3590,1856,3954,20229,18782,397,2650,2127,3112,3248,17,51826
2012,all_grads,5337895.899706523,2983871.000944773,1665900.0376472473,1245530.2366523743,415005.33940378827,752207.2741928101,250963.68024698895,3003666.3885269165,1277276.324766795,2328289.2336247764,355401.3868115743,658583.0381329855,584440.9455159506,335171.60665512085,653797.4645105997,3645401.264046987,3088426.945643107,51841.23277028402,436099.7679341634,348667.09695180255,589583.8017489115,596058.7692896525,0,0,29903,16713,9028,6844,2585,4474,1457,17472,7197,13118,1957,3518,3464,1929,3929,19608,18002,402,2656,2008,3393,3414,30,53652
2013,all_grads,5590200.389109294,3164726.5024350486,1833384.9166793823,1276268.11420695,437164.84795633954,775470.1996943156,261905.9321670532,3000521.466005961,1277074.9507255554,2470931.9307111106,353524.3348871867,668498.1268107096,616316.4181060791,333451.49966812134,759304.4679044088,3597529.3391431174,3213151.2967071533,63395.38921864828,429035.1683603923,375996.0279261271,627954.9783999125,646176.9908014933,0,0,30965,17268,9787,6771,2626,4509,1447,17085,7114,13656,1927,3485,3444,1998,4344,19290,18206,446,2566,2069,3506,3544,25,55438
2014,all_grads,5643828.21131134,3212195.5703582764,1891751.384042104,1244490.6402537029,413309.43923060095,808974.8835830688,258016.91721343994,3013446.932905833,1372460.6196581523,2544241.418047587,324613.92329279584,686847.6284332275,640441.3079452515,337338.82246398926,743697.0330797832,3828427.7237459817,3374847.7259508767,60827.95020548503,439035.23932266235,425091.18133290607,622630.4339345297,676295.6649144491,0,0,31150,17270,9880,6499,2412,4520,1389,16511,7395,13638,1792,3536,3495,1964,4186,19921,18351,453,2538,2184,3374,3626,34,56777
2015,all_grads,5720425.453411738,3412543.021047592,2045936.99512736,1248188.6990292866,436488.30432383216,849987.0690383911,261680.64704004925,3144666.3543256125,1370147.8428147633,2541642.770545324,360553.65277353924,687380.4490788778,696282.0747922262,367916.34836069745,745962.5969301859,3876601.303663254,3349162.4876003265,63514.51044972737,465474.5926678975,370188.7110900879,666450.2286529541,714349.8460693359,0,0,30719,17455,10112,6549,2540,4686,1359,16985,7187,13600,1940,3530,3593,2023,4078,20017,17977,442,2571,1977,3598,3749,25,58554
2016,all_grads,6093341.082248688,3461680.2902437844,2099927.939230601,1343711.509262085,444431.95061238605,839171.34629186,242523.95933787027,3119165.7732429504,1394959.6282310486,2632177.6211299896,369610.3227208455,761247.4052581787,630131.1004943848,353139.1530456543,794526.208597819,3893646.6687081656,3470673.10814476,75091.81047821045,527702.6225509644,405267.2594235738,667516.0767771403,722506.8933652242,0,0,30858,17099,9567,6603,2486,4436,1310,16367,6925,13619,1880,3602,3175,1852,3982,18737,17676,541,2817,2000,3398,3704,20,60445
2017,all_grads,6139824.349812825,3591909.6893259683,2150071.170056661,1432892.8795369465,435746.7061767578,861703.5708948771,258985.77595265704,3019093.195237478,1434694.430934906,2780197.027736664,396553.1834754944,689398.9137954712,703454.680393219,384766.86233393353,853149.6877861023,4045619.967617035,3460719.285455068,81946.30972290039,534526.3682874044,381657.22425206506,700244.8150075277,820228.4896341959,0,0,30831,17502,9965,7006,2331,4449,1319,16076,7186,14136,1965,3315,3500,2019,4215,19481,17490,569,2745,1972,3566,4048,10,62943
2018,all_grads,6381206.468041738,3653561.794972738,2321714.700126648,1552560.7621103923,481227.32060496014,908204.9211959839,282295.72440338135,3235887.022394816,1530895.5843353271,2877786.804864248,461487.52354939777,725748.4181124369,710848.6095504761,415404.8853276571,903363.3906758627,4012052.9388783774,3556254.1994400024,102669.0609741211,551292.08847936,407433.20806503296,701033.0880521139,864603.863571167,0,0,31069,17340,10280,7302,2479,4547,1319,16231,7281,14120,2091,3373,3493,2137,4340,18929,17172,641,2791,1941,3405,4096,12,64194
2019,all_grads,6737470.8271865845,3797793.0695635476,2477005.6715672812,1541739.2250684102,487985.3133087158,911238.1838340759,283803.2979405721,3213370.7303593955,1570618.6687901814,3020489.1732025146,452738.40414683026,776672.4705518087,693545.1968828837,388292.5398864746,917643.8982365926,4126187.798122406,3709020.3190727234,65059.737396240234,597204.2123756409,460304.12017186487,735537.7167396545,957174.741452535,0,0,31623,16945,10555,6790,2372,4345,1346,15522,7033,14106,2089,3427,3196,1901,4171,18483,17194,420,2788,2137,3465,4277,14,63848
2020,all_grads,6878317.778073628,4042725.8703460693,2609963.2491251626,1552894.9198570251,504976.0216560364,930865.9587008158,321598.0870157878,3219392.785592397,1565400.4103279114,3106540.209988912,540034.7678883871,791196.363108317,729404.5782610575,472482.6989034017,892664.7584266663,4040243.7603403726,3741942.034769694,90539.50563049316,608357.7732111613,415925.1425310771,752220.07762146,1025370.2695070902,0,0,30518,16915,10362,6515,2386,4169,1357,14841,6790,13839,2216,3272,3137,2062,3867,17326,16580,530,2667,1865,3386,4327,15,63999
2021,all_grads,6770583.469418843,4277123.420042674,2726396.8149388633,1539724.4124094646,545358.3799947103,924804.4397150675,260890.7378438314,3011474.9748713174,1447384.0676485698,3040475.1367734275,621223.6690038046,788966.0146357218,551790.664217631,404117.6546223958,609028.9802017212,3810033.218884786,3553531.3944740295,88428.8235537211,531191.0652618408,423849.3129717509,770014.6229527792,1079771.832408905,0,0,27804,16520,9726,5961,2329,3792,1055,13084,5916,12190,2476,3031,2726,1729,2697,15362,14702,487,2290,1723,3085,4518,9,63401
2022,all_grads,7006129.015618642,4478775.6398124695,2757956.4429766336,1594901.4218711853,544183.5370152792,869473.3505719503,295432.96455128986,3071383.45810318,1513973.8749211628,3098520.5206985474,653282.6197954813,756132.4736302694,702802.7287661234,426504.7877375285,664365.4030672709,3952206.7937901816,3690065.1927693686,92264.93433888753,591410.9769770304,464161.1228345235,819909.2076365153,1167678.7384541829,0,0,27629,16735,9844,6056,2205,3475,1128,12646,5940,12198,2521,2883,2778,1737,2633,15185,14444,463,2364,1799,3276,4392,14,63725
2023,all_grads,7531677.990111033,4585474.197104136,3079209.2674713135,1694859.383008321,569158.7483545939,938590.4309031168,269742.44989522296,3151473.4404271445,1654079.7042948406,3115698.576410929,694145.268283844,752051.3625513712,715871.4608357748,415420.7989578247,714654.7198028564,3869971.0522371926,3639540.7344462075,85064.79210154216,630097.4775263468,448960.0336303711,832326.7072067261,1237537.371125539,0,0,27932,16323,10272,6150,2159,3471,1020,12161,5973,11685,2503,2654,2665,1585,2552,14104,13675,436,2439,1678,3090,4500,6,61536
2024,all_grads,7671858.325472514,4802095.540810903,3204987.4024149575,1740553.9822591145,595285.3025372823,911462.7887115479,280597.8089574178,3146376.7017122903,1656122.1430358887,3358362.6798680625,785310.3659388224,759179.644666036,703758.2827987671,477627.3638305664,762267.5128860474,3913864.9453404746,3535461.479789734,77314.2699584961,640111.9285583496,448107.86540476483,866453.9719848633,1193838.936120351,0,0,28142,16789,10601,6147,2255,3372,1017,11721,5779,12376,2702,2600,2450,1653,2601,13831,13031,430,2408,1692,3146,4195,7,61245
2025,all_grads,7648019.24645869,4888401.804512024,3176866.373486837,1795107.7621307373,613628.4392318726,889036.2129656473,288932.03374989826,3250986.4314689636,1655897.280699412,3261849.2275517783,812191.6031150818,799255.1009648641,785546.4383544922,497504.89912160236,719246.0613861084,3795477.939743042,3817599.238936106,83364.94235738117,673956.1630910238,439458.1242421468,830355.6399332682,1302770.7778129578,0,0,27561,16884,10481,6182,2371,3258,1065,11887,5836,11689,2845,2724,2698,1813,2587,13220,13817,467,2388,1596,3026,4522,7,61931
2026,all_grads,7638350.132489291,5033166.889691439,3174836.1695528897,1742663.0235110195,620294.2997228449,871641.4955236261,310475.4326754483,3208912.747288097,1635559.2761646619,3235725.0696688564,869657.6987249202,803863.0777851451,865833.9496459961,464059.96152010834,718968.8969837535,3896069.225581776,4017889.0305633545,86929.85771595348,690884.6139304421,488203.2443126332,886706.9923248291,1322842.8138344504,0,0,24195,14724,8949,5070,2020,2713,937,10187,5004,9916,2478,2471,2533,1560,2201,11808,12335,363,2152,1505,2729,3905,25,57049
1979,all_grads,NA,NA,NA,NA,NA,NA,NA,NA,NA,NA,NA,NA,NA,NA,NA,NA,NA,NA,NA,NA,NA,NA,NA,2967653.239509662,NA,NA,NA,NA,NA,NA,NA,NA,NA,NA,NA,NA,NA,NA,NA,NA,NA,NA,NA,NA,NA,NA,NA,31687
1980,all_grads,NA,NA,NA,NA,NA,NA,NA,NA,NA,NA,NA,NA,NA,NA,NA,NA,NA,NA,NA,NA,NA,NA,NA,12279148.413999557,NA,NA,NA,NA,NA,NA,NA,NA,NA,NA,NA,NA,NA,NA,NA,NA,NA,NA,NA,NA,NA,NA,NA,136490
1981,all_grads,NA,NA,NA,NA,NA,NA,NA,NA,NA,NA,NA,NA,NA,NA,NA,NA,NA,NA,NA,NA,NA,NA,NA,12938061.979721704,NA,NA,NA,NA,NA,NA,NA,NA,NA,NA,NA,NA,NA,NA,NA,NA,NA,NA,NA,NA,NA,NA,NA,156580
1982,all_grads,NA,NA,NA,NA,NA,NA,NA,NA,NA,NA,NA,NA,NA,NA,NA,NA,NA,NA,NA,NA,NA,NA,NA,13440395.98022906,NA,NA,NA,NA,NA,NA,NA,NA,NA,NA,NA,NA,NA,NA,NA,NA,NA,NA,NA,NA,NA,NA,NA,145600
1983,all_grads,NA,NA,NA,NA,NA,NA,NA,NA,NA,NA,NA,NA,NA,NA,NA,NA,NA,NA,NA,NA,NA,NA,NA,14122123.408545494,NA,NA,NA,NA,NA,NA,NA,NA,NA,NA,NA,NA,NA,NA,NA,NA,NA,NA,NA,NA,NA,NA,NA,150315
1984,all_grads,NA,NA,NA,NA,NA,NA,NA,NA,NA,NA,NA,NA,NA,NA,NA,NA,NA,NA,NA,NA,NA,NA,NA,14780375.721090317,NA,NA,NA,NA,NA,NA,NA,NA,NA,NA,NA,NA,NA,NA,NA,NA,NA,NA,NA,NA,NA,NA,NA,152986
1985,all_grads,NA,NA,NA,NA,NA,NA,NA,NA,NA,NA,NA,NA,NA,NA,NA,NA,NA,NA,NA,NA,NA,NA,NA,15420508.783159256,NA,NA,NA,NA,NA,NA,NA,NA,NA,NA,NA,NA,NA,NA,NA,NA,NA,NA,NA,NA,NA,NA,NA,154599
1986,all_grads,NA,NA,NA,NA,NA,NA,NA,NA,NA,NA,NA,NA,NA,NA,NA,NA,NA,NA,NA,NA,NA,NA,NA,16171860.292061487,NA,NA,NA,NA,NA,NA,NA,NA,NA,NA,NA,NA,NA,NA,NA,NA,NA,NA,NA,NA,NA,NA,NA,159779
1987,all_grads,NA,NA,NA,NA,NA,NA,NA,NA,NA,NA,NA,NA,NA,NA,NA,NA,NA,NA,NA,NA,NA,NA,NA,16642103.785259247,NA,NA,NA,NA,NA,NA,NA,NA,NA,NA,NA,NA,NA,NA,NA,NA,NA,NA,NA,NA,NA,NA,NA,160357
1988,all_grads,NA,NA,NA,NA,NA,NA,NA,NA,NA,NA,NA,NA,NA,NA,NA,NA,NA,NA,NA,NA,NA,NA,NA,17367301.99736595,NA,NA,NA,NA,NA,NA,NA,NA,NA,NA,NA,NA,NA,NA,NA,NA,NA,NA,NA,NA,NA,NA,NA,163637
1989,all_grads,NA,NA,NA,NA,NA,NA,NA,NA,NA,NA,NA,NA,NA,NA,NA,NA,NA,NA,NA,NA,NA,NA,NA,17926829.45915858,NA,NA,NA,NA,NA,NA,NA,NA,NA,NA,NA,NA,NA,NA,NA,NA,NA,NA,NA,NA,NA,NA,NA,154680
1990,all_grads,NA,NA,NA,NA,NA,NA,NA,NA,NA,NA,NA,NA,NA,NA,NA,NA,NA,NA,NA,NA,NA,NA,NA,18444017.593957264,NA,NA,NA,NA,NA,NA,NA,NA,NA,NA,NA,NA,NA,NA,NA,NA,NA,NA,NA,NA,NA,NA,NA,165912
1991,all_grads,NA,NA,NA,NA,NA,NA,NA,NA,NA,NA,NA,NA,NA,NA,NA,NA,NA,NA,NA,NA,NA,NA,NA,18866670.743424732,NA,NA,NA,NA,NA,NA,NA,NA,NA,NA,NA,NA,NA,NA,NA,NA,NA,NA,NA,NA,NA,NA,NA,173194
1992,all_grads,NA,NA,NA,NA,NA,NA,NA,NA,NA,NA,NA,NA,NA,NA,NA,NA,NA,NA,NA,NA,NA,NA,NA,19127318.799265545,NA,NA,NA,NA,NA,NA,NA,NA,NA,NA,NA,NA,NA,NA,NA,NA,NA,NA,NA,NA,NA,NA,NA,173915
1993,all_grads,NA,NA,NA,NA,NA,NA,NA,NA,NA,NA,NA,NA,NA,NA,NA,NA,NA,NA,NA,NA,NA,NA,NA,19328958.65659968,NA,NA,NA,NA,NA,NA,NA,NA,NA,NA,NA,NA,NA,NA,NA,NA,NA,NA,NA,NA,NA,NA,NA,171627
1994,all_grads,NA,NA,NA,NA,NA,NA,NA,NA,NA,NA,NA,NA,NA,NA,NA,NA,NA,NA,NA,NA,NA,NA,NA,20125818.095822018,NA,NA,NA,NA,NA,NA,NA,NA,NA,NA,NA,NA,NA,NA,NA,NA,NA,NA,NA,NA,NA,NA,NA,171988
1995,all_grads,NA,NA,NA,NA,NA,NA,NA,NA,NA,NA,NA,NA,NA,NA,NA,NA,NA,NA,NA,NA,NA,NA,NA,21124762.935682934,NA,NA,NA,NA,NA,NA,NA,NA,NA,NA,NA,NA,NA,NA,NA,NA,NA,NA,NA,NA,NA,NA,NA,174700
1996,all_grads,NA,NA,NA,NA,NA,NA,NA,NA,NA,NA,NA,NA,NA,NA,NA,NA,NA,NA,NA,NA,NA,NA,NA,21628322.721987087,NA,NA,NA,NA,NA,NA,NA,NA,NA,NA,NA,NA,NA,NA,NA,NA,NA,NA,NA,NA,NA,NA,NA,171081
1997,all_grads,NA,NA,NA,NA,NA,NA,NA,NA,NA,NA,NA,NA,NA,NA,NA,NA,NA,NA,NA,NA,NA,NA,NA,22436625.909513474,NA,NA,NA,NA,NA,NA,NA,NA,NA,NA,NA,NA,NA,NA,NA,NA,NA,NA,NA,NA,NA,NA,NA,160172
1998,all_grads,NA,NA,NA,NA,NA,NA,NA,NA,NA,NA,NA,NA,NA,NA,NA,NA,NA,NA,NA,NA,NA,NA,NA,23285017.178648632,NA,NA,NA,NA,NA,NA,NA,NA,NA,NA,NA,NA,NA,NA,NA,NA,NA,NA,NA,NA,NA,NA,NA,163915
1999,all_grads,NA,NA,NA,NA,NA,NA,NA,NA,NA,NA,NA,NA,NA,NA,NA,NA,NA,NA,NA,NA,NA,NA,NA,23986644.739468258,NA,NA,NA,NA,NA,NA,NA,NA,NA,NA,NA,NA,NA,NA,NA,NA,NA,NA,NA,NA,NA,NA,NA,168184
2000,all_grads,NA,NA,NA,NA,NA,NA,NA,NA,NA,NA,NA,NA,NA,NA,NA,NA,NA,NA,NA,NA,NA,NA,NA,24746097.14184634,NA,NA,NA,NA,NA,NA,NA,NA,NA,NA,NA,NA,NA,NA,NA,NA,NA,NA,NA,NA,NA,NA,NA,172208
2001,all_grads,NA,NA,NA,NA,NA,NA,NA,NA,NA,NA,NA,NA,NA,NA,NA,NA,NA,NA,NA,NA,NA,NA,NA,25482798.36556689,NA,NA,NA,NA,NA,NA,NA,NA,NA,NA,NA,NA,NA,NA,NA,NA,NA,NA,NA,NA,NA,NA,NA,171764
2002,all_grads,NA,NA,NA,NA,NA,NA,NA,NA,NA,NA,NA,NA,NA,NA,NA,NA,NA,NA,NA,NA,NA,NA,NA,25636209.65438938,NA,NA,NA,NA,NA,NA,NA,NA,NA,NA,NA,NA,NA,NA,NA,NA,NA,NA,NA,NA,NA,NA,NA,196201
2003,grads_22_27,92004.98662312825,85521.01599884033,62752.42742411296,38861.81800587972,26110.492563883465,39523.932205200195,15454.638069152832,153014.95230738324,42665.54711405437,48395.27775319417,12029.77167510986,15546.997113545736,41120.85401153565,6854.4683049519845,17045.94716389974,106621.42478434245,100458.71239217122,1257.741205851236,10829.189151763918,7217.319493611652,15989.840543111168,12162.919514973957,NA,2817660.985543569,527,475,334,217,164,242,93,889,268,285,59,89,236,40,113,612,617,8,71,46,79,60,NA,20148
2004,grads_22_27,355429.6930847168,364225.16767247516,219829.15880330405,149536.50259399414,108348.21348698933,159572.01309076947,54546.34396107991,570260.0220947266,184703.23789596558,219958.8081258138,32136.195949554447,51054.534453074135,166531.2642618815,29668.95069885254,83598.42226537068,479573.20446395874,462883.9291852315,10212.938652038576,46245.46186065673,32554.853309631344,52581.326807657875,54724.65557861328,0,0,1914,1981,1142,827,668,914,333,3250,1084,1238,198,310,964,176,531,2568,2715,93,293,180,311,299,4,3319
2005,grads_22_27,362993.3228111267,362440.38248825073,204200.88927078247,171162.647026062,108504.92794545491,140657.92924753827,46568.49625905356,574984.1301784515,198540.15773646036,199932.8709157308,37959.765089670815,76530.28862762451,166633.6924947103,26768.040313720707,104939.42013804117,514402.4266560872,504976.1833534241,7211.632626851399,58475.86984634399,42313.559338887535,66577.03711954753,38492.90545781454,0,0,2026,1880,1130,828,644,806,265,3302,1120,1179,233,388,915,149,600,2750,2762,68,375,240,346,239,2,3345
2006,grads_22_27,393974.0472005209,383854.9628651937,234092.41048049927,158350.32190195718,115684.94042332967,118957.95618693034,51941.462348937974,593269.0538088481,213080.83443578085,206866.00144259134,50682.712394714355,61168.43611780802,142709.25805664062,36209.910021464035,96628.68162536621,484872.8461939494,515727.2419459025,10634.592274983725,57395.74139912924,39215.26895650228,55050.14749145508,50982.96135457356,0,0,2137,2079,1227,846,724,681,346,3349,1138,1198,255,318,858,215,579,2560,2890,81,342,220,317,327,6,3358
2007,grads_22_27,416833.8947753906,426582.2676150004,211945.19106674194,171357.95042419434,111759.31791559854,130797.44977823894,59434.83326466878,659331.0979970297,216041.62876256308,239273.72215525308,42524.45217641195,79934.02133433025,160535.8189722697,39772.347595214844,100163.69197336832,525623.8454742432,518840.1940841675,10094.77737426758,77886.583152771,48101.336377461754,59400.88179016114,46815.771675109856,0,0,2251,2190,1120,845,629,736,353,3447,1155,1235,228,387,912,205,611,2712,2900,60,404,237,331,273,2,3258
2008,grads_22_27,470847.4887479147,436435.7955449422,257881.97181065878,189108.63550186157,124370.38667170206,150503.75842920938,60062.89905802409,698627.7782109579,246369.94224421182,266187.6323814392,38244.31131490071,71883.95700836182,174264.56258392334,23274.628793080647,106681.36021677653,529082.4471206665,532232.6153030396,8482.202629089355,64274.780128479004,44494.92704518636,61757.20930226644,49806.77084350587,NA,0,2469,2197,1302,989,700,822,390,3633,1291,1425,253,385,936,144,610,2637,2832,66,343,214,301,298,NA,3381
2009,grads_22_27,412795.2395706177,435762.5066006979,251916.92789204913,191276.67193857828,107785.25265121459,148494.17675654092,53320.479212443024,698878.0323092142,233999.27020645142,276724.33845265704,48036.90835825603,69095.93156687419,197859.0362586975,36317.78122456868,118761.42926915486,551495.4167912801,545401.7540588379,10780.347628275551,63807.20900726318,45674.51146825154,56797.72569274903,63514.01580556234,0,0,2213,2194,1284,966,683,818,351,3568,1300,1533,256,373,1074,221,615,2728,2915,62,352,233,310,361,3,3677
2010,grads_22_27,410349.4107233683,449878.89067077637,237043.272895813,180676.13249206543,117446.89261754355,141006.52155303955,53124.891705830894,658644.244954427,229674.77504475912,268857.04084904987,55049.51083628336,99501.39199320476,227553.9963912964,45986.50643412272,138733.50429407755,506915.74023946124,547918.9549420674,6643.097844441732,39497.39333724974,36440.18415069581,53478.3916015625,61572.74095153809,0,0,2223,2231,1215,930,669,787,373,3584,1243,1501,305,502,1234,254,769,2686,3033,55,260,200,289,364,1,3785
2011,grads_22_27,392924.9966100057,429639.54064559937,233379.06660334268,184919.32427215576,98400.70035680135,151529.72265879312,48829.142779032394,619628.7540295919,225202.40810139972,325726.74938583374,58389.760566711426,91592.26119359334,228707.93267059326,29517.42200597127,135652.81781514487,548454.4579760233,605725.6036465963,7490.6106007893895,37166.234659830734,34036.52136993408,57647.91092681885,70833.8020884196,0,0,2123,2226,1217,934,605,907,292,3363,1222,1710,336,493,1254,183,794,2773,3293,71,258,188,306,400,3,3958
2012,grads_22_27,413471.929397583,462917.422513326,227002.52409617108,196997.69945017496,90835.827392578125,138570.20970916748,49804.49802271525,595861.1158243816,238525.20613733926,331814.04784138995,76658.57226308186,76414.97200012207,203645.2231419881,34923.93684895833,140409.41098531085,551275.9957834879,547445.5222307841,10329.140691121416,51719.66984812419,32584.044275919598,66534.99396260579,72255.4451675415,0,0,2177,2299,1144,994,557,782,269,3215,1318,1765,372,443,1193,181,752,2753,2956,72,257,183,377,400,4,4212
2013,grads_22_27,419416.5326156616,480466.2419789632,257192.0269381205,201033.90951283774,109471.90310541788,142068.50982157388,56642.616371154785,577402.4226697286,232885.63012949625,341087.95248413086,78059.78718566895,73593.4250793457,214208.6816851298,32187.21431477864,155524.7036488851,538869.0293045044,591289.0772018433,10451.699361165365,44634.789070129395,33776.93666585286,65782.50694020589,93907.46691894531,0,0,2142,2393,1268,988,596,786,327,3021,1203,1767,407,414,1138,209,865,2622,3199,63,260,177,369,446,2,4165
2014,grads_22_27,409637.4676475525,484829.5339597066,253027.81377156574,202673.25934855145,104063.1326751709,141649.09089660642,55535.33599344889,594012.8276977539,265076.836962382,350214.5654678345,73628.19410705566,78026.43987528482,220085.31936645508,33128.30274454752,155369.19948323566,574207.4246953329,580703.9005813599,10377.699180603026,53984.053649902344,54647.525370279945,78758.12473805745,62988.45523325603,0,0,2110,2346,1195,995,556,775,306,2962,1299,1688,367,384,1183,209,795,2695,3027,84,271,254,399,354,3,4487
2015,grads_22_27,454847.3289197286,556038.6852633158,292504.9974034627,236832.25407918295,111835.42927932738,152468.0879160563,47542.74242782593,601424.9745394388,258275.86526997885,355803.9313341777,70366.21809132893,83363.46267573039,230917.71343485513,43662.381896972656,145486.2690900167,563891.3333791097,562803.4581743876,12547.501881917315,53597.26321411133,43459.844563802086,77046.11363983154,72384.73979695638,0,0,2255,2558,1365,1095,652,798,244,3010,1247,1689,363,404,1134,244,750,2643,2760,87,269,209,400,366,3,4403
2016,grads_22_27,485497.1469599406,552101.0698865255,342686.05795796716,246722.1717084249,117697.6203435262,136879.33146921793,44411.93132146199,626102.3697598776,241204.3451347351,380655.9580116272,70137.75319163004,119587.6971766154,208862.95059204102,40745.42640686035,165188.7778714498,569759.9802131653,643597.1503728231,18966.29649098714,51626.94575246175,45638.768295288086,75792.79486083984,80437.39975738525,0,0,2217,2490,1390,1061,618,681,274,2919,1163,1760,369,488,976,207,748,2393,2940,116,269,198,380,371,2,4365
2017,grads_22_27,490601.53320566815,576301.2496732076,361315.76340738934,233870.83687973022,113137.56945292157,165108.48917643228,48578.03922144572,597191.3153266907,255133.0641593933,431986.2991434733,86178.15212504068,108571.28177769978,225625.10035324097,50967.40576426188,174538.65150324503,560943.9571240743,616248.1083602905,16214.382560729984,51606.69754028321,49425.21410115561,90431.43426005046,93831.9276746114,0,0,2213,2534,1513,1041,575,770,254,2895,1179,1974,416,470,1029,220,762,2385,2853,102,227,206,381,438,2,4378
2018,grads_22_27,532621.2152315775,592979.3823343912,353629.56682332355,261138.69603347778,137255.68861897787,178236.9164543152,51753.67538070679,640689.2326037089,308186.11654663086,477500.2732365926,95537.89366277058,98959.06177012126,231625.26677703857,44244.866869608566,171564.64110056558,563979.3967475891,601102.6435597738,25088.196496327717,64609.29772694906,53411.881047566734,78088.93125661214,98755.42567443846,0,0,2289,2563,1505,1085,663,801,248,2824,1321,2018,384,419,1034,195,732,2291,2694,137,271,199,335,429,2,4320
2019,grads_22_27,544510.6007181803,588330.9261652628,372281.9400761922,278917.7015864054,158066.18940226236,172229.01974487305,40292.189961751305,637901.9085922241,305597.6984151204,489142.11273701984,92038.63127390544,96776.4900894165,215856.3327585856,38372.51014200847,151155.3967768351,575547.7934112549,641913.2810440063,14122.122497558596,59689.371854146324,48655.12233479818,84038.40476226807,110664.33116149902,0,0,2257,2363,1513,1083,714,741,239,2692,1213,2046,409,377,937,165,648,2138,2628,90,245,201,349,437,1,3962
2020,grads_22_27,527085.0870539347,637642.428393046,421587.6058146159,279347.83438746136,144174.02123006183,194472.67184448242,63550.76812235514,656173.8032480875,279835.68709309894,519961.96936798096,116084.35248057048,97876.67310333252,219968.1544265747,41149.56707255045,166314.68979136148,534803.9057973226,650247.4305877686,20357.773656209312,63153.74630228679,43102.780466715485,82745.99055989583,109389.77914428711,NA,0,2023,2340,1549,1028,641,715,265,2609,1128,2048,418,366,870,178,648,1904,2473,103,267,182,314,401,NA,3789
2021,grads_22_27,532987.3554229736,635455.7284215292,477314.20362091064,293933.1126530965,148148.8754679362,177080.71312713623,56265.242319742836,594446.2410227457,217238.43723042807,492031.0797017416,116828.57233174643,85902.43375142416,161292.0950495402,47425.430155436195,120712.14758809407,485876.5959523519,611108.3135299683,16495.77138519287,60752.48817952474,56063.30016072591,88345.26216634114,162352.9819844564,0,0,1781,2161,1527,988,592,598,220,2207,795,1721,461,272,733,177,468,1651,2150,82,234,209,321,551,6,3642
2022,grads_22_27,447234.3739878337,741065.7165387472,468525.94788614905,267447.91586812335,154904.6381403605,147084.77584584555,64048.724617004395,550771.2635040283,207388.06091054282,504060.86075083417,128019.73829905193,88338.72042338054,193736.3066482544,31988.33853149414,133242.33872477213,493737.5330225627,626762.6696879069,11093.53328196208,52692.594161987305,50859.9214960734,101761.75345611572,149017.036277771,NA,0,1673,2432,1568,961,551,509,222,2062,753,1692,465,297,695,131,478,1667,2097,41,218,162,358,482,NA,3485
2023,grads_22_27,520106.1194534302,743106.6887919108,540285.1607386271,325698.5895131429,171940.45662943524,153691.94753774008,48803.95293426514,574953.4826176962,245635.57998784384,514663.6469268799,151703.9222793579,80856.05484771729,215231.69699350992,45849.19659423828,143079.0552622477,474179.4443283081,586706.6897481283,19857.096501668293,57440.43852233887,42129.65632883708,98252.9206237793,131912.29704030356,NA,0,1723,2411,1669,1100,581,515,183,1974,842,1706,493,277,766,161,443,1495,1920,72,204,158,336,449,NA,3156
2024,grads_22_27,553268.5666554769,729875.7641474406,513628.7299779256,350747.4731089274,180333.32853444415,153671.52530670166,64613.00502522787,586155.9368629456,269885.0457712809,545318.0407613119,162208.71966807047,80421.01060231526,231795.45360310873,46206.61410268148,152854.20088704428,490486.60276031494,524439.2677688599,11774.63082377116,52888.245445251465,51088.72690327962,109728.94564819336,147995.02427927652,NA,0,1740,2231,1580,1154,609,512,231,1876,837,1781,500,264,754,144,501,1519,1693,57,185,178,362,463,NA,3393
2025,grads_22_27,554170.3493220011,721039.1049092611,524288.1996332804,347167.04712931317,179133.62105051675,174510.91713968912,59967.94975026448,596772.5572814941,254946.85452779135,512441.38335164386,174941.27017211914,96244.7515411377,243212.26405843097,48043.88205718994,147462.7490386963,448667.1035970052,581024.9436950684,13081.762446085611,75355.27777608235,51825.490061442055,100284.56118011475,143864.8816833496,0,0,1775,2225,1650,1114,658,520,219,1975,799,1683,523,332,789,177,478,1471,1854,60,234,161,332,472,1,3177
2026,grads_22_27,562647.613750111,720404.0378556685,534721.3954800692,306621.1387495561,168101.0373701616,147650.2159063166,72655.85978282582,636777.0388044878,200726.7219210538,533427.0690945712,217123.3004511053,106368.72024813565,255919.88319258255,47621.84852183949,144671.3872264515,489431.2502163974,609207.2391246449,9835.214139071377,76720.67175292969,50837.66412076083,126633.5634321733,166330.7584700151,0,0,1541,1856,1316,838,508,387,227,1708,586,1351,483,289,722,146,391,1287,1588,48,191,158,319,441,1,2652
1979,grads_22_27,NA,NA,NA,NA,NA,NA,NA,NA,NA,NA,NA,NA,NA,NA,NA,NA,NA,NA,NA,NA,NA,NA,NA,766893.4045251211,NA,NA,NA,NA,NA,NA,NA,NA,NA,NA,NA,NA,NA,NA,NA,NA,NA,NA,NA,NA,NA,NA,NA,7214
1980,grads_22_27,NA,NA,NA,NA,NA,NA,NA,NA,NA,NA,NA,NA,NA,NA,NA,NA,NA,NA,NA,NA,NA,NA,NA,3024021.035205841,NA,NA,NA,NA,NA,NA,NA,NA,NA,NA,NA,NA,NA,NA,NA,NA,NA,NA,NA,NA,NA,NA,NA,29477
1981,grads_22_27,NA,NA,NA,NA,NA,NA,NA,NA,NA,NA,NA,NA,NA,NA,NA,NA,NA,NA,NA,NA,NA,NA,NA,3048432.2238747277,NA,NA,NA,NA,NA,NA,NA,NA,NA,NA,NA,NA,NA,NA,NA,NA,NA,NA,NA,NA,NA,NA,NA,32423
1982,grads_22_27,NA,NA,NA,NA,NA,NA,NA,NA,NA,NA,NA,NA,NA,NA,NA,NA,NA,NA,NA,NA,NA,NA,NA,3052811.4735711417,NA,NA,NA,NA,NA,NA,NA,NA,NA,NA,NA,NA,NA,NA,NA,NA,NA,NA,NA,NA,NA,NA,NA,28667
1983,grads_22_27,NA,NA,NA,NA,NA,NA,NA,NA,NA,NA,NA,NA,NA,NA,NA,NA,NA,NA,NA,NA,NA,NA,NA,3112397.89412117,NA,NA,NA,NA,NA,NA,NA,NA,NA,NA,NA,NA,NA,NA,NA,NA,NA,NA,NA,NA,NA,NA,NA,28904
1984,grads_22_27,NA,NA,NA,NA,NA,NA,NA,NA,NA,NA,NA,NA,NA,NA,NA,NA,NA,NA,NA,NA,NA,NA,NA,3303188.6056944528,NA,NA,NA,NA,NA,NA,NA,NA,NA,NA,NA,NA,NA,NA,NA,NA,NA,NA,NA,NA,NA,NA,NA,29523
1985,grads_22_27,NA,NA,NA,NA,NA,NA,NA,NA,NA,NA,NA,NA,NA,NA,NA,NA,NA,NA,NA,NA,NA,NA,NA,3373658.31074969,NA,NA,NA,NA,NA,NA,NA,NA,NA,NA,NA,NA,NA,NA,NA,NA,NA,NA,NA,NA,NA,NA,NA,29270
1986,grads_22_27,NA,NA,NA,NA,NA,NA,NA,NA,NA,NA,NA,NA,NA,NA,NA,NA,NA,NA,NA,NA,NA,NA,NA,3489245.763572057,NA,NA,NA,NA,NA,NA,NA,NA,NA,NA,NA,NA,NA,NA,NA,NA,NA,NA,NA,NA,NA,NA,NA,30085
1987,grads_22_27,NA,NA,NA,NA,NA,NA,NA,NA,NA,NA,NA,NA,NA,NA,NA,NA,NA,NA,NA,NA,NA,NA,NA,3452198.0475826263,NA,NA,NA,NA,NA,NA,NA,NA,NA,NA,NA,NA,NA,NA,NA,NA,NA,NA,NA,NA,NA,NA,NA,29111
1988,grads_22_27,NA,NA,NA,NA,NA,NA,NA,NA,NA,NA,NA,NA,NA,NA,NA,NA,NA,NA,NA,NA,NA,NA,NA,3528201.088535309,NA,NA,NA,NA,NA,NA,NA,NA,NA,NA,NA,NA,NA,NA,NA,NA,NA,NA,NA,NA,NA,NA,NA,28773
1989,grads_22_27,NA,NA,NA,NA,NA,NA,NA,NA,NA,NA,NA,NA,NA,NA,NA,NA,NA,NA,NA,NA,NA,NA,NA,3501800.3001696267,NA,NA,NA,NA,NA,NA,NA,NA,NA,NA,NA,NA,NA,NA,NA,NA,NA,NA,NA,NA,NA,NA,NA,25769
1990,grads_22_27,NA,NA,NA,NA,NA,NA,NA,NA,NA,NA,NA,NA,NA,NA,NA,NA,NA,NA,NA,NA,NA,NA,NA,3489148.5867500305,NA,NA,NA,NA,NA,NA,NA,NA,NA,NA,NA,NA,NA,NA,NA,NA,NA,NA,NA,NA,NA,NA,NA,26563
1991,grads_22_27,NA,NA,NA,NA,NA,NA,NA,NA,NA,NA,NA,NA,NA,NA,NA,NA,NA,NA,NA,NA,NA,NA,NA,3416666.961092631,NA,NA,NA,NA,NA,NA,NA,NA,NA,NA,NA,NA,NA,NA,NA,NA,NA,NA,NA,NA,NA,NA,NA,26963
1992,grads_22_27,NA,NA,NA,NA,NA,NA,NA,NA,NA,NA,NA,NA,NA,NA,NA,NA,NA,NA,NA,NA,NA,NA,NA,3397261.506670634,NA,NA,NA,NA,NA,NA,NA,NA,NA,NA,NA,NA,NA,NA,NA,NA,NA,NA,NA,NA,NA,NA,NA,26845
1993,grads_22_27,NA,NA,NA,NA,NA,NA,NA,NA,NA,NA,NA,NA,NA,NA,NA,NA,NA,NA,NA,NA,NA,NA,NA,3394694.755517324,NA,NA,NA,NA,NA,NA,NA,NA,NA,NA,NA,NA,NA,NA,NA,NA,NA,NA,NA,NA,NA,NA,NA,26651
1994,grads_22_27,NA,NA,NA,NA,NA,NA,NA,NA,NA,NA,NA,NA,NA,NA,NA,NA,NA,NA,NA,NA,NA,NA,NA,3523590.545378367,NA,NA,NA,NA,NA,NA,NA,NA,NA,NA,NA,NA,NA,NA,NA,NA,NA,NA,NA,NA,NA,NA,NA,26555
1995,grads_22_27,NA,NA,NA,NA,NA,NA,NA,NA,NA,NA,NA,NA,NA,NA,NA,NA,NA,NA,NA,NA,NA,NA,NA,3688760.6518414817,NA,NA,NA,NA,NA,NA,NA,NA,NA,NA,NA,NA,NA,NA,NA,NA,NA,NA,NA,NA,NA,NA,NA,26903
1996,grads_22_27,NA,NA,NA,NA,NA,NA,NA,NA,NA,NA,NA,NA,NA,NA,NA,NA,NA,NA,NA,NA,NA,NA,NA,3683399.11514918,NA,NA,NA,NA,NA,NA,NA,NA,NA,NA,NA,NA,NA,NA,NA,NA,NA,NA,NA,NA,NA,NA,NA,25479
1997,grads_22_27,NA,NA,NA,NA,NA,NA,NA,NA,NA,NA,NA,NA,NA,NA,NA,NA,NA,NA,NA,NA,NA,NA,NA,3739691.365890503,NA,NA,NA,NA,NA,NA,NA,NA,NA,NA,NA,NA,NA,NA,NA,NA,NA,NA,NA,NA,NA,NA,NA,23249
1998,grads_22_27,NA,NA,NA,NA,NA,NA,NA,NA,NA,NA,NA,NA,NA,NA,NA,NA,NA,NA,NA,NA,NA,NA,NA,3671692.088845571,NA,NA,NA,NA,NA,NA,NA,NA,NA,NA,NA,NA,NA,NA,NA,NA,NA,NA,NA,NA,NA,NA,NA,22395
1999,grads_22_27,NA,NA,NA,NA,NA,NA,NA,NA,NA,NA,NA,NA,NA,NA,NA,NA,NA,NA,NA,NA,NA,NA,NA,3538047.7344519296,NA,NA,NA,NA,NA,NA,NA,NA,NA,NA,NA,NA,NA,NA,NA,NA,NA,NA,NA,NA,NA,NA,NA,21534
2000,grads_22_27,NA,NA,NA,NA,NA,NA,NA,NA,NA,NA,NA,NA,NA,NA,NA,NA,NA,NA,NA,NA,NA,NA,NA,3621881.794130961,NA,NA,NA,NA,NA,NA,NA,NA,NA,NA,NA,NA,NA,NA,NA,NA,NA,NA,NA,NA,NA,NA,NA,21573
2001,grads_22_27,NA,NA,NA,NA,NA,NA,NA,NA,NA,NA,NA,NA,NA,NA,NA,NA,NA,NA,NA,NA,NA,NA,NA,3791504.3884627023,NA,NA,NA,NA,NA,NA,NA,NA,NA,NA,NA,NA,NA,NA,NA,NA,NA,NA,NA,NA,NA,NA,NA,21818
2002,grads_22_27,NA,NA,NA,NA,NA,NA,NA,NA,NA,NA,NA,NA,NA,NA,NA,NA,NA,NA,NA,NA,NA,NA,NA,3715212.706893921,NA,NA,NA,NA,NA,NA,NA,NA,NA,NA,NA,NA,NA,NA,NA,NA,NA,NA,NA,NA,NA,NA,NA,24239
2003,noncollege_22_27,122099.59387207033,62221.513221740715,56411.005685170494,32920.74176534017,9897.850064595537,19243.416438420616,8594.197708129885,73795.67013422649,47945.41565577189,74855.88334592183,107644.33498128255,68895.11683273315,322069.83420181274,122657.4210917155,114407.30964787802,385844.60440190637,538877.2346458435,29347.483885447182,280290.5439014435,146704.58208974203,261045.19755617777,251753.50782140097,0,9449648.733146667,718,344,317,166,59,119,60,465,276,434,679,399,1954,752,729,2392,3202,186,1740,831,1531,1478,16,75175
2004,noncollege_22_27,503717.81219546,231046.28703308103,172256.88735453287,105212.5455233256,40270.888081868485,90870.35727055867,32955.251276652016,248502.34100468954,185705.8220698039,355415.86265945435,422706.0912729899,280610.630791982,1237119.2189267476,540552.1056124369,503043.0665149689,1612935.909936269,2123962.7576986947,134878.21405792236,1253378.9789625804,578349.6350835165,1040418.6173960367,962797.2531051636,0,0,2927,1248,963,574,226,510,181,1507,1036,1919,2675,1557,7400,3142,3009,9517,12229,864,7088,3286,5835,5553,61,19792
2005,noncollege_22_27,514374.8889795939,243716.57283910117,151861.79425303143,107160.4930559794,36775.73981730143,78704.10435358682,41148.93627166747,222448.59167734784,184530.85996627808,329510.17938041687,446496.05462582904,257100.99794387814,1349261.6281897225,591736.4729105631,498952.2177740733,1704372.8873710632,2169945.2240079246,143214.5321712494,1344959.8933677673,571880.34145991,1003532.7193314234,1015801.9307200114,0,0,2796,1275,819,591,203,428,216,1362,997,1836,2676,1412,7797,3397,2954,9504,11954,875,7513,3177,5643,5578,68,19919
2006,noncollege_22_27,482032.66855494183,250306.81168492636,137764.43723424277,121167.7851003011,34789.494611104325,65815.51008860269,44648.3569208781,238549.55529658,171466.5734507243,382229.0242201487,478333.7889614105,253255.01164627075,1338520.6455548604,561383.9147478739,551894.0024439493,1711443.146221161,2212292.000760714,147824.08315149942,1459674.5627797444,622084.8063761394,1008265.6139907837,1003932.707979838,0,0,2658,1357,749,670,225,399,226,1360,951,2042,2791,1419,7638,3263,3177,9582,12096,912,8182,3417,5530,5516,63,19615
2007,noncollege_22_27,508772.26425806683,235908.39926656085,132464.59591420493,106254.15563456218,39793.255978902176,65588.20869954427,51086.82727559408,258261.06071217853,180065.17525482178,398764.55815251666,478142.73027420044,291183.3500684102,1370020.850663503,613294.3706982931,559925.7391611735,1709678.0334396362,2147183.1186383567,147952.01625188193,1490353.1793581643,579737.8298314413,1002569.3237342834,1035675.656656901,0,0,2750,1221,739,562,236,371,250,1383,998,2117,2705,1520,7506,3505,3170,9253,11302,887,8295,3038,5336,5448,56,19230
2008,noncollege_22_27,538044.5765266418,223983.14910888675,134169.52315012613,118639.46285502116,32813.349614461265,76337.44074376424,35797.31460316976,258604.63728841147,162435.66856129965,371978.6064020793,496803.9625053406,308578.85657246906,1346710.5749638875,623996.1549034119,573153.8136800131,1696896.9126993816,2139291.9258359275,138550.56519063312,1461553.2221501668,575737.0265464783,1067622.643137614,991986.6191151937,0,0,2797,1198,707,613,185,403,192,1349,901,1866,2763,1536,7426,3303,3233,9211,11192,829,7797,2973,5709,5137,50,19188
2009,noncollege_22_27,548704.7427889506,215580.35260009766,161153.15634155273,97649.70772298177,31897.652083079018,95073.41580454507,39244.15364074707,238208.7547009786,154816.41448084512,399600.15916315716,543602.992699941,294738.1076215108,1392263.034875234,558763.7096570333,616139.7010498047,1615648.5069859822,2016836.8930091858,122870.28901926675,1190878.8443311055,575658.867565155,921950.3863360087,977804.9814071655,0,0,2853,1088,863,542,194,488,193,1291,830,2000,2871,1435,7724,3053,3332,8646,10768,790,7104,2980,5134,5274,56,19501
2010,noncollege_22_27,463756.8557434082,190432.13833872476,157294.9459279378,79534.13980611165,30454.663032531735,74702.00479125977,33472.19780095418,251233.76290893555,142584.8533452352,408655.18310928345,516284.4549128214,310810.315671285,1374296.030303955,548354.3077850342,615413.2740249634,1578836.1258735657,1880744.3939679463,120360.05513381958,938148.2391688029,547598.9686813354,757041.4519449869,833464.046991984,0,0,2529,996,833,437,184,444,168,1352,828,2056,2824,1552,7866,3365,3461,8895,10494,798,6142,3061,4665,4824,73,20736
2011,noncollege_22_27,453794.5874633789,171555.2615992228,124047.27406819661,67145.2140973409,29915.112106323242,69837.73793029785,27332.037485758465,248152.4490776062,151241.0461552938,396192.47758865356,508461.2494773865,328237.0318857829,1432158.7676124573,502854.09333292645,590055.9848543803,1676599.12174352,1864417.4351793926,142317.8413594564,871008.195409139,533443.0164235433,868886.8907610575,852545.2311782837,0,0,2462,921,665,363,200,389,160,1368,823,2057,2906,1603,8164,3094,3467,9325,10219,952,5557,2918,4989,4904,76,21169
2012,noncollege_22_27,477692.4795939128,152246.84510040283,137736.69848632812,61991.790865580246,33972.02339935303,70597.48122151694,33146.38215637208,249984.1745262146,157242.99564615887,366332.4116160075,528651.4333063761,301606.7458966573,1476789.6750895183,537931.9767786661,606421.9082514445,1647469.0511512756,1753111.780784607,139737.25850423178,889125.7914835612,566862.151426951,881931.6624603271,911847.029964447,0,0,2414,789,670,345,194,383,151,1330,802,1846,2832,1492,8049,3001,3477,8797,9518,855,4964,2827,4650,4879,104,21473
2013,noncollege_22_27,472307.93514887494,172277.8477859497,123081.42600758871,75141.08016967773,37029.68055470785,74692.21754964192,41381.77313486735,261814.6641031901,189912.24139912924,375773.4969647725,556996.7084172567,280258.5312932332,1552690.886631012,545337.1835823059,629951.2614987692,1731019.0857429504,1790955.0522117615,138550.73386764526,803328.8408851624,552229.6117808024,877107.2125256857,926240.5424982706,0,0,2372,896,646,405,207,366,183,1342,944,1855,2930,1408,8089,2974,3398,8813,9078,860,4455,2799,4596,4950,95,20642
2014,noncollege_22_27,476772.40925598145,185808.60453796387,142327.12618509927,69588.24268341064,28629.650924682614,65831.45486450195,35623.539649963386,255654.3464940389,166833.92185465497,406192.23047002155,579593.4104639689,322153.929590861,1582990.0441347759,565763.552096049,667409.4467112223,1765725.1077079773,1807914.6612332663,137226.51190948486,826767.6462097168,507979.89766438806,940700.624507904,999341.2045873007,0,0,2355,902,682,377,149,324,162,1304,799,1879,2868,1537,7931,2900,3499,8738,8819,782,4353,2560,4627,4979,73,21257
2015,noncollege_22_27,504525.63265355426,200426.00462468466,149940.0954437256,81040.36659367879,31456.728029886875,72483.31599934895,21774.446281433105,257044.8064702352,160537.05806477866,435893.5433489482,538431.9051119487,288927.33398183185,1595778.346995036,553256.8117574056,679563.2927602133,1767542.5130284627,1838635.6380182903,134646.10109202066,860740.6551361084,546163.3126818339,960256.7512613932,997191.2208652496,0,0,2476,976,675,395,178,372,116,1319,846,2002,2729,1424,7874,3030,3490,8700,8926,794,4764,2639,4812,4957,49,21070
2016,noncollege_22_27,546813.1860453287,210138.8823343913,145993.58377202353,86022.89666748047,32624.027191162113,71710.86756515503,32092.282541910812,281257.9029973348,168076.30216471353,444912.31119537354,564713.5702857971,273683.89229075116,1560016.2586186726,531326.5074386597,658717.7489064535,1732393.7984390259,1852531.0100593567,138764.58420308432,834285.4187024435,571086.5358899435,974875.9483642578,1040736.9162851969,0,0,2578,961,662,421,151,373,138,1375,797,2058,2711,1321,7459,2729,3187,8173,8782,798,4387,2727,4678,4916,38,20622
2017,noncollege_22_27,569074.0770428976,211944.11437225342,155567.0283915202,91818.1182200114,36388.93763987224,69305.0245437622,26085.568033854168,300366.47057469684,173312.49986012778,433769.7553736369,576466.8391888937,319014.801709493,1580423.863137563,552314.8952865601,742630.7047958374,1690447.8139546711,1842293.3837661743,147372.45158894858,879409.7399024963,549123.3230361938,1036398.8004480997,1079962.973739624,0,0,2620,939,707,426,183,350,101,1426,817,1982,2685,1399,7342,2808,3551,7814,8633,835,4394,2547,4799,4933,38,20099
2018,noncollege_22_27,561263.5364252726,212649.45869572958,161460.63059743246,97817.11047108968,27768.039978027344,84462.67986043294,22764.256637573242,314227.06965637207,169926.08894348145,460665.0425720215,564022.6569925944,337959.0770746867,1496998.9104944866,554486.3166910807,712653.5149993896,1644733.5190912883,1932312.0177904766,138520.9348449707,932277.4962615967,534056.6284510294,986783.9062856039,1114970.2824452717,0,0,2464,915,703,377,132,330,101,1449,724,2006,2389,1388,6778,2618,3275,7154,8370,800,4242,2426,4430,4839,25,18468
2019,noncollege_22_27,568277.1865666708,188009.9326909383,177261.06642913818,92207.28000640869,28121.296819051106,68733.81942749023,28769.85757191976,297710.5338567098,180634.52926127115,458013.3916575114,546768.7669563293,347169.7213948568,1464270.5896275837,501478.78918202716,692273.7600606283,1551603.5889231365,1893432.1813557942,138743.52198028564,939539.5472679138,536978.2982126871,959289.18017578125,1154924.2425486248,0,0,2314,781,687,372,144,343,111,1335,709,1869,2258,1395,6215,2357,2944,6553,7731,721,4138,2308,4099,4724,23,17070
2020,noncollege_22_27,558581.2425282797,202250.66483306885,165419.51701100668,79465.32406107585,24588.21367136638,69433.43143717448,25656.56010945638,305097.47987111413,167438.5965677897,423160.11738077796,599265.1388092041,331627.34163411456,1402212.418103536,485926.772374471,669260.8438415527,1540481.251391093,1759571.2153256733,137999.57108052573,962943.0058314005,577232.8376185099,935883.2650705973,1268899.379436493,0,0,2237,780,626,330,119,320,88,1261,640,1701,2352,1313,5692,2042,2633,6137,6817,639,3997,2320,3850,4878,17,14989
2021,noncollege_22_27,513148.9237798055,201510.7866566976,149590.4406077067,70484.63929748535,39327.62339274088,52384.00258127848,18423.9643834432,243760.5577723185,131003.24021148682,416213.6678975423,576219.0979537964,249777.23542277017,923340.8990809122,435979.2145996094,401745.19306437176,1332777.4499994915,1379202.8562749226,100216.07895151773,918328.2799199423,453908.60855611163,792159.3961919149,1249118.7484588623,0,0,1943,705,543,252,173,211,72,977,493,1444,2197,991,4098,1751,1686,5009,4963,443,3461,1774,3164,4747,16,14103
2022,noncollege_22_27,594328.9468129476,233259.84348042807,134611.9700342814,78635.46260325114,31971.891362508133,62035.620279947914,17061.088506062824,274010.11441548663,156702.68871561688,414568.589322408,638809.1277974447,284567.8397216797,1147566.2525558472,502056.99015045166,465178.8046798706,1333759.214536031,1577171.8688201904,109097.78852589926,941935.4523493449,524397.6620381674,859626.1158854167,1382866.963104248,0,0,2079,811,489,301,130,258,63,984,555,1484,2343,1010,4183,1860,1681,4800,5403,486,3533,1988,3273,5064,17,13803
2023,noncollege_22_27,590844.507311503,225151.48627726236,159088.7598063151,84274.29006449382,46897.35551198324,86229.85126495361,21450.094098409016,322119.3514022827,166162.15392812094,412225.6501630147,641063.7254206339,242261.00481414795,1201285.306860606,535263.9986317953,484396.2393544515,1334520.7336654663,1478159.0201644897,88259.70816294351,995977.9695409139,541010.5615997314,924863.2669499716,1422284.1740544636,0,0,2031,820,582,310,166,304,83,1056,506,1440,2072,833,4109,1939,1683,4562,4897,399,3730,1902,3196,4840,10,12690
2024,noncollege_22_27,612479.6233011881,232583.41201782227,151979.06008402506,103279.5196762085,37580.43836975098,68262.45438893636,21260.11149597168,350412.2061564128,159006.20564015704,440764.91497294104,611371.8537190756,272680.3554534912,1315073.6991399128,534647.7387390137,480329.8390324911,1266957.7000783284,1534501.8168818157,111013.93176778157,1109520.3655268352,577320.31661733,931418.2957814535,1412423.309967041,0,0,2149,753,509,372,134,229,69,1110,512,1501,2026,861,4276,1822,1579,4210,4935,416,3857,1989,3170,4608,23,12528
2025,noncollege_22_27,576110.1176223755,241494.3740895589,157775.05764007568,94102.54859670003,37725.518437703446,93444.07465108235,21245.794624328613,302021.0882212321,172150.9392191569,427968.37011210126,619594.9154663086,262081.91793314615,1277311.4527537029,507987.98034413654,463741.0805714925,1293383.7203420002,1398777.0550638835,112582.43060302734,1035596.5444234213,589271.1252212524,835102.4019521078,1418676.0062739055,0,0,1991,791,509,331,149,295,88,1044,527,1380,2119,880,4284,1810,1522,4441,4512,426,3716,2041,2856,4926,7,12644
2026,noncollege_22_27,576927.2231695002,208509.480588046,132478.79560713333,91861.25206964667,33642.10324651545,71648.21745993874,27853.46380060369,307311.63732910156,162838.41073608398,472804.22714510834,650169.1052967418,293224.1108703613,1330143.7548550693,497842.53007091174,471996.3997303356,1383514.623046875,1425662.9230637983,74932.05645751953,1053471.9991677024,593983.4146894976,888136.9596266312,1374780.9995755283,0,0,1583,564,367,239,109,215,86,866,448,1224,1818,845,3726,1504,1314,3866,3799,289,3076,1710,2515,3875,15,10777
1979,noncollege_22_27,NA,NA,NA,NA,NA,NA,NA,NA,NA,NA,NA,NA,NA,NA,NA,NA,NA,NA,NA,NA,NA,NA,NA,3167199.3297815323,NA,NA,NA,NA,NA,NA,NA,NA,NA,NA,NA,NA,NA,NA,NA,NA,NA,NA,NA,NA,NA,NA,NA,36824
1980,noncollege_22_27,NA,NA,NA,NA,NA,NA,NA,NA,NA,NA,NA,NA,NA,NA,NA,NA,NA,NA,NA,NA,NA,NA,NA,13344561.14153544,NA,NA,NA,NA,NA,NA,NA,NA,NA,NA,NA,NA,NA,NA,NA,NA,NA,NA,NA,NA,NA,NA,NA,154712
1981,noncollege_22_27,NA,NA,NA,NA,NA,NA,NA,NA,NA,NA,NA,NA,NA,NA,NA,NA,NA,NA,NA,NA,NA,NA,NA,13714969.744091988,NA,NA,NA,NA,NA,NA,NA,NA,NA,NA,NA,NA,NA,NA,NA,NA,NA,NA,NA,NA,NA,NA,NA,178275
1982,noncollege_22_27,NA,NA,NA,NA,NA,NA,NA,NA,NA,NA,NA,NA,NA,NA,NA,NA,NA,NA,NA,NA,NA,NA,NA,13935244.343134562,NA,NA,NA,NA,NA,NA,NA,NA,NA,NA,NA,NA,NA,NA,NA,NA,NA,NA,NA,NA,NA,NA,NA,161659
1983,noncollege_22_27,NA,NA,NA,NA,NA,NA,NA,NA,NA,NA,NA,NA,NA,NA,NA,NA,NA,NA,NA,NA,NA,NA,NA,13771720.895560741,NA,NA,NA,NA,NA,NA,NA,NA,NA,NA,NA,NA,NA,NA,NA,NA,NA,NA,NA,NA,NA,NA,NA,158937
1984,noncollege_22_27,NA,NA,NA,NA,NA,NA,NA,NA,NA,NA,NA,NA,NA,NA,NA,NA,NA,NA,NA,NA,NA,NA,NA,14161735.778687796,NA,NA,NA,NA,NA,NA,NA,NA,NA,NA,NA,NA,NA,NA,NA,NA,NA,NA,NA,NA,NA,NA,NA,156114
1985,noncollege_22_27,NA,NA,NA,NA,NA,NA,NA,NA,NA,NA,NA,NA,NA,NA,NA,NA,NA,NA,NA,NA,NA,NA,NA,14575656.532098452,NA,NA,NA,NA,NA,NA,NA,NA,NA,NA,NA,NA,NA,NA,NA,NA,NA,NA,NA,NA,NA,NA,NA,153029
1986,noncollege_22_27,NA,NA,NA,NA,NA,NA,NA,NA,NA,NA,NA,NA,NA,NA,NA,NA,NA,NA,NA,NA,NA,NA,NA,14636051.805743536,NA,NA,NA,NA,NA,NA,NA,NA,NA,NA,NA,NA,NA,NA,NA,NA,NA,NA,NA,NA,NA,NA,NA,150046
1987,noncollege_22_27,NA,NA,NA,NA,NA,NA,NA,NA,NA,NA,NA,NA,NA,NA,NA,NA,NA,NA,NA,NA,NA,NA,NA,14845642.089743933,NA,NA,NA,NA,NA,NA,NA,NA,NA,NA,NA,NA,NA,NA,NA,NA,NA,NA,NA,NA,NA,NA,NA,145400
1988,noncollege_22_27,NA,NA,NA,NA,NA,NA,NA,NA,NA,NA,NA,NA,NA,NA,NA,NA,NA,NA,NA,NA,NA,NA,NA,14609828.680556616,NA,NA,NA,NA,NA,NA,NA,NA,NA,NA,NA,NA,NA,NA,NA,NA,NA,NA,NA,NA,NA,NA,NA,137728
1989,noncollege_22_27,NA,NA,NA,NA,NA,NA,NA,NA,NA,NA,NA,NA,NA,NA,NA,NA,NA,NA,NA,NA,NA,NA,NA,14391924.65600268,NA,NA,NA,NA,NA,NA,NA,NA,NA,NA,NA,NA,NA,NA,NA,NA,NA,NA,NA,NA,NA,NA,NA,124619
1990,noncollege_22_27,NA,NA,NA,NA,NA,NA,NA,NA,NA,NA,NA,NA,NA,NA,NA,NA,NA,NA,NA,NA,NA,NA,NA,14131472.29200109,NA,NA,NA,NA,NA,NA,NA,NA,NA,NA,NA,NA,NA,NA,NA,NA,NA,NA,NA,NA,NA,NA,NA,126341
1991,noncollege_22_27,NA,NA,NA,NA,NA,NA,NA,NA,NA,NA,NA,NA,NA,NA,NA,NA,NA,NA,NA,NA,NA,NA,NA,14002363.006869635,NA,NA,NA,NA,NA,NA,NA,NA,NA,NA,NA,NA,NA,NA,NA,NA,NA,NA,NA,NA,NA,NA,NA,126058
1992,noncollege_22_27,NA,NA,NA,NA,NA,NA,NA,NA,NA,NA,NA,NA,NA,NA,NA,NA,NA,NA,NA,NA,NA,NA,NA,13267650.556762695,NA,NA,NA,NA,NA,NA,NA,NA,NA,NA,NA,NA,NA,NA,NA,NA,NA,NA,NA,NA,NA,NA,NA,120401
1993,noncollege_22_27,NA,NA,NA,NA,NA,NA,NA,NA,NA,NA,NA,NA,NA,NA,NA,NA,NA,NA,NA,NA,NA,NA,NA,13165101.910518011,NA,NA,NA,NA,NA,NA,NA,NA,NA,NA,NA,NA,NA,NA,NA,NA,NA,NA,NA,NA,NA,NA,NA,116823
1994,noncollege_22_27,NA,NA,NA,NA,NA,NA,NA,NA,NA,NA,NA,NA,NA,NA,NA,NA,NA,NA,NA,NA,NA,NA,NA,13112411.284257254,NA,NA,NA,NA,NA,NA,NA,NA,NA,NA,NA,NA,NA,NA,NA,NA,NA,NA,NA,NA,NA,NA,NA,111870
1995,noncollege_22_27,NA,NA,NA,NA,NA,NA,NA,NA,NA,NA,NA,NA,NA,NA,NA,NA,NA,NA,NA,NA,NA,NA,NA,12916066.294660887,NA,NA,NA,NA,NA,NA,NA,NA,NA,NA,NA,NA,NA,NA,NA,NA,NA,NA,NA,NA,NA,NA,NA,105338
1996,noncollege_22_27,NA,NA,NA,NA,NA,NA,NA,NA,NA,NA,NA,NA,NA,NA,NA,NA,NA,NA,NA,NA,NA,NA,NA,12773531.797500292,NA,NA,NA,NA,NA,NA,NA,NA,NA,NA,NA,NA,NA,NA,NA,NA,NA,NA,NA,NA,NA,NA,NA,96688
1997,noncollege_22_27,NA,NA,NA,NA,NA,NA,NA,NA,NA,NA,NA,NA,NA,NA,NA,NA,NA,NA,NA,NA,NA,NA,NA,12589808.143198648,NA,NA,NA,NA,NA,NA,NA,NA,NA,NA,NA,NA,NA,NA,NA,NA,NA,NA,NA,NA,NA,NA,NA,87564
1998,noncollege_22_27,NA,NA,NA,NA,NA,NA,NA,NA,NA,NA,NA,NA,NA,NA,NA,NA,NA,NA,NA,NA,NA,NA,NA,12601874.158157984,NA,NA,NA,NA,NA,NA,NA,NA,NA,NA,NA,NA,NA,NA,NA,NA,NA,NA,NA,NA,NA,NA,NA,85119
1999,noncollege_22_27,NA,NA,NA,NA,NA,NA,NA,NA,NA,NA,NA,NA,NA,NA,NA,NA,NA,NA,NA,NA,NA,NA,NA,12436607.179358164,NA,NA,NA,NA,NA,NA,NA,NA,NA,NA,NA,NA,NA,NA,NA,NA,NA,NA,NA,NA,NA,NA,NA,82129
2000,noncollege_22_27,NA,NA,NA,NA,NA,NA,NA,NA,NA,NA,NA,NA,NA,NA,NA,NA,NA,NA,NA,NA,NA,NA,NA,12408511.579608917,NA,NA,NA,NA,NA,NA,NA,NA,NA,NA,NA,NA,NA,NA,NA,NA,NA,NA,NA,NA,NA,NA,NA,81257
2001,noncollege_22_27,NA,NA,NA,NA,NA,NA,NA,NA,NA,NA,NA,NA,NA,NA,NA,NA,NA,NA,NA,NA,NA,NA,NA,12578447.79010582,NA,NA,NA,NA,NA,NA,NA,NA,NA,NA,NA,NA,NA,NA,NA,NA,NA,NA,NA,NA,NA,NA,NA,80785
2002,noncollege_22_27,NA,NA,NA,NA,NA,NA,NA,NA,NA,NA,NA,NA,NA,NA,NA,NA,NA,NA,NA,NA,NA,NA,NA,12504021.767918268,NA,NA,NA,NA,NA,NA,NA,NA,NA,NA,NA,NA,NA,NA,NA,NA,NA,NA,NA,NA,NA,NA,NA,89430
