year_new,group,employment_1,employment_2,employment_3,employment_4,employment_5,employment_6,employment_7,employment_8,employment_9,employment_10,employment_11,employment_12,employment_13,employment_14,employment_NA,sample_1,sample_2,sample_3,sample_4,sample_5,sample_6,sample_7,sample_8,sample_9,sample_10,sample_11,sample_12,sample_13,sample_14,sample_NA
2003,all_16plus,518650.17418352765,136417.23354085285,2344748.0619449615,4309536.802336375,5026415.887809753,1728908.9125375748,929186.8110577265,2402874.2697327933,3463972.972117106,7179765.672477086,2849389.0832621255,1655768.2598718007,1547980.8568805058,0,102720292.59141159,4228,1176,15627,26609,32348,10871,5741,14835,21723,45881,19189,10376,9917,36,1096767
2004,all_16plus,2255057.0141944885,510867.6728452047,10319312.659074465,16749327.767503103,20873071.791427612,6935624.914259911,3631675.281838099,9843147.627475103,13849553.238951365,28254715.65400219,11563213.428145727,6887850.064010938,6302053.766400973,0,0,17951,4212,65091,100836,130088,42149,21864,59825,84959,177878,76235,42978,39998,182,432585
2005,all_16plus,2220119.8602110543,566715.5093275706,10860413.082950592,16386345.378709158,20964968.729603767,7098872.423910459,3395729.156344732,10029985.199694952,14166580.77418963,28827378.596323013,11884738.197545052,6904735.20400397,6407120.718857765,0,0,17632,4381,66454,96638,128271,41693,19964,59135,82835,177075,76046,41732,39976,170,429486
2006,all_16plus,2204843.4881038666,637184.4846509298,11364314.297574997,16368773.685036978,21431767.726742428,7380010.475614548,3460853.1421559653,10239909.497552237,14391938.348097483,29367889.28049469,12044374.7021904,7051388.004574458,6512047.945962906,0,0,17297,4846,67899,93494,127194,42359,20030,59376,83811,176552,75809,41414,40459,191,425233
2007,all_16plus,2224726.3142878213,707756.0123977661,11893704.50024414,16246385.50638326,21215346.3192571,7500603.871173859,3644372.2877235413,10508293.584148407,15063174.495555878,30195349.394247692,12327454.714600882,7001550.590281169,6550812.6571337385,0,0,16837,5433,70043,90729,122876,42028,20250,59629,86490,177204,75052,40498,39865,139,420853
2008,all_16plus,2089766.3215675354,734722.864326477,11658082.13775762,16256955.224119822,20915503.16029231,7749651.780086517,3494172.257709503,10426680.96472168,15718420.997455597,30727083.87644577,12507730.655375162,6995384.080491384,6787989.637393951,0,0,15757,5398,67519,90182,119695,42428,19357,58206,88112,177803,74674,39386,40743,126,422494
2009,all_16plus,2150497.405317942,831527.1592826843,10664082.023873648,15490094.678916931,20367970.587677002,7626777.928499858,3437510.964202881,10117149.328451792,15365451.826602936,31610168.042310078,12745468.88979721,7009913.050186157,6788258.521554311,0,0,16019,6043,64280,87468,117907,42153,19248,57075,87413,180946,76455,39875,40533,154,424038
2010,all_16plus,2130432.8764292398,682226.8605232239,9492871.556219736,13984989.145341238,19615563.510901134,7119898.97813797,3195039.151158651,9569716.451986948,15086707.703608194,31905703.572428387,12612949.196318308,6886326.005132039,6896742.300487518,0,0,16195,5443,62028,84706,117154,41123,18974,55550,89140,186468,78225,39908,41550,208,440202
2011,all_16plus,2216443.394299825,741328.6467870077,9013090.394177755,14231167.754689535,19782723.056421917,7119196.830937703,3172790.512655894,9304815.01396815,15367863.333685556,32017602.90410614,12605897.714927673,6743339.0208854675,6969250.468793233,0,0,16165,5480,57867,82637,116027,40601,18185,53776,89330,186839,77236,39230,42023,227,447760
2012,all_16plus,2238090.4349657693,850015.337717692,9059280.354470572,14418915.932874044,19726714.720328014,7236648.317315419,3098808.9751726785,9480955.936419168,15994085.153207144,31940276.938130695,12789286.785888672,6846640.886698405,6805050.6095136,0,0,16314,6229,55296,80740,112618,40008,17500,52971,90288,183676,75518,39191,40377,232,452284
2013,all_16plus,2145382.247217814,1004990.2013918558,8988899.355546316,14716132.616284689,19862417.167031605,7337722.622210185,2951367.8606554666,9609539.57664617,16526085.895715078,32406668.833710987,13377074.004929861,7158124.353272756,6759597.011736552,0,0,15689,6900,53402,80748,111090,39553,16289,52602,91043,182759,76519,39573,39067,209,453251
2014,all_16plus,2150336.978277842,1080185.8372828166,9417423.847506205,14951901.338371277,19798273.268543243,7437427.898643494,3033489.6378237405,9858331.847348532,16841696.67025884,32616929.667561848,13523843.940199533,7078154.671100616,6658920.517317454,0,0,15391,6989,53151,79681,108289,39197,16098,52800,90659,179797,75486,38373,38481,245,457687
2015,all_16plus,2309696.511610349,1061672.444231669,9861053.149359385,15117392.224422136,20397518.97516918,7605622.742593129,3078056.0883464813,9872844.803419748,17100290.722946804,32965420.802449863,13650507.975194931,7247758.355244319,6750441.871797562,0,0,16187,7515,54217,78345,109159,39851,15900,51624,89855,179577,74932,38879,38765,170,468566
2016,all_16plus,2429697.033402761,883747.8705743154,10010919.629084269,15361437.15689087,20292356.158217113,7837340.3582013445,2961713.8023236594,10163940.544427237,17577347.39371109,33865997.62429174,13981312.214477539,7239138.588081996,6939434.002736409,0,0,16156,6930,52261,75924,103954,39057,14679,50167,87951,176270,72983,37635,38291,145,467310
2017,all_16plus,2453309.452342987,752929.252485911,10414178.221846262,15411384.330986023,20266928.414196014,7982801.620152791,2858872.2007497153,10438496.16967392,18436384.138640087,34259596.55038198,14263598.908437094,7420413.560997009,6886476.6838645935,0,0,16199,5737,53890,75779,103273,39505,14099,50799,90599,176959,73022,38091,38240,129,469487
2018,all_16plus,2446721.2398223877,751057.6745605469,10825498.055259705,15424694.154969534,20202091.74651591,8234386.766769409,2908682.226598104,10507737.521931967,18987548.635348003,34703629.84131368,14281996.660869598,7520635.611438751,7157667.787408193,0,0,15623,5516,53597,73137,98999,38989,13838,49361,89514,172090,70560,37168,38058,82,460748
2019,all_16plus,2435242.2072410583,789998.7235374451,11247139.513537088,15702964.48059082,20139649.13981883,8652949.226645151,2874750.3717219033,10666770.099236807,19018199.708299,35178113.95159658,14414122.926029205,7743245.765652974,7351600.597892761,0,0,14757,5427,52804,71294,94889,38768,12928,48115,85772,166871,67958,36748,37419,90,445003
2020,all_16plus,2413835.9174168906,765406.9356625875,11355871.279989878,15580494.579524994,19799059.30502828,9054347.1634051,2792274.908960978,10828832.780447641,19662085.40676244,35852398.17282232,14711131.448925018,7589682.5985616045,7349808.426661174,0,0,13946,4952,50643,67932,88887,38921,11997,46674,84122,162575,65325,34130,35280,90,429826
2021,all_16plus,2326877.8677991233,620580.7247835795,10765981.375029245,14343404.446179708,19016142.175907135,8494675.363830566,2560379.413725535,10603378.388023376,18548819.322134655,33810834.83680979,10840941.949003855,6562021.192721049,7485779.915007274,0,0,12625,4112,45114,58277,79781,34957,10423,41919,74030,142951,52059,28916,33166,74,405977
2022,all_16plus,2295190.149356842,598965.1353429159,11400520.026541391,14919398.918235779,19638864.11219533,9657352.297196707,2716176.292020162,10775767.498622894,19769237.06918462,34871116.640566505,13068090.336747488,7275223.1561381025,7450486.30451711,0,0,12209,3620,45681,58336,79149,36908,10382,41233,75775,140281,53179,29475,32149,86,403815
2023,all_16plus,2269619.85839208,607172.8265813192,11877550.090690613,15298844.39518992,19397048.276771545,10063112.636561075,2940739.419405619,10998192.666413626,20643061.990526836,35605411.91748556,13993399.488886515,7581311.832200368,7722197.242668152,0,0,11216,3266,44322,55931,73530,35969,10511,39934,74438,135166,52212,28938,31524,50,389211
2024,all_16plus,2242162.440349579,582151.5570729574,11822251.723691305,15423381.8588473,19896406.85961787,9947594.459982553,2943869.726917267,10985476.740880331,20795006.44775645,36626346.519776665,14337758.63070806,7661842.302422841,7953655.877011617,0,0,11080,3292,43665,55627,73874,35047,10298,38928,74359,136740,52376,28703,31462,69,384892
2025,all_16plus,2280015.974220276,585243.7484563192,12036553.136324564,15070546.437090555,19538916.467262268,9923038.665031433,2801687.548650106,10960209.93097178,21522048.49710973,37358690.67355982,14001519.28549703,7704443.049508412,8144382.666351318,0,0,11278,3207,44075,53218,71805,34743,9798,38053,75638,136378,51188,28550,31995,59,380961
2026,all_16plus,2201126.821634466,537746.4641404585,12142484.468186812,15038317.92097612,19419109.14752891,10280651.466444535,2774711.7120180996,11251882.666508067,22043568.88360318,37855266.72087791,14144740.595804388,7790126.7819699375,7857249.090343129,0,0,9326,2710,37877,45586,61285,30578,8233,33605,66107,119086,43682,24567,26762,75,338478
1979,all_16plus,NA,NA,NA,NA,NA,NA,NA,NA,NA,NA,NA,NA,NA,NA,23737650.22055896,NA,NA,NA,NA,NA,NA,NA,NA,NA,NA,NA,NA,NA,NA,327236
1980,all_16plus,NA,NA,NA,NA,NA,NA,NA,NA,NA,NA,NA,NA,NA,NA,97983541.16506942,NA,NA,NA,NA,NA,NA,NA,NA,NA,NA,NA,NA,NA,NA,1372349
1981,all_16plus,NA,NA,NA,NA,NA,NA,NA,NA,NA,NA,NA,NA,NA,NA,99484195.8588845,NA,NA,NA,NA,NA,NA,NA,NA,NA,NA,NA,NA,NA,NA,1548152
1982,all_16plus,NA,NA,NA,NA,NA,NA,NA,NA,NA,NA,NA,NA,NA,NA,100417038.52031915,NA,NA,NA,NA,NA,NA,NA,NA,NA,NA,NA,NA,NA,NA,1418214
1983,all_16plus,NA,NA,NA,NA,NA,NA,NA,NA,NA,NA,NA,NA,NA,NA,99585712.75940466,NA,NA,NA,NA,NA,NA,NA,NA,NA,NA,NA,NA,NA,NA,1403899
1984,all_16plus,NA,NA,NA,NA,NA,NA,NA,NA,NA,NA,NA,NA,NA,NA,102240752.3168524,NA,NA,NA,NA,NA,NA,NA,NA,NA,NA,NA,NA,NA,NA,1390870
1985,all_16plus,NA,NA,NA,NA,NA,NA,NA,NA,NA,NA,NA,NA,NA,NA,105934251.75637674,NA,NA,NA,NA,NA,NA,NA,NA,NA,NA,NA,NA,NA,NA,1375200
1986,all_16plus,NA,NA,NA,NA,NA,NA,NA,NA,NA,NA,NA,NA,NA,NA,107794266.80611007,NA,NA,NA,NA,NA,NA,NA,NA,NA,NA,NA,NA,NA,NA,1370459
1987,all_16plus,NA,NA,NA,NA,NA,NA,NA,NA,NA,NA,NA,NA,NA,NA,110308036.82801437,NA,NA,NA,NA,NA,NA,NA,NA,NA,NA,NA,NA,NA,NA,1347869
1988,all_16plus,NA,NA,NA,NA,NA,NA,NA,NA,NA,NA,NA,NA,NA,NA,113205124.34429741,NA,NA,NA,NA,NA,NA,NA,NA,NA,NA,NA,NA,NA,NA,1349832
1989,all_16plus,NA,NA,NA,NA,NA,NA,NA,NA,NA,NA,NA,NA,NA,NA,115722803.64595985,NA,NA,NA,NA,NA,NA,NA,NA,NA,NA,NA,NA,NA,NA,1267538
1990,all_16plus,NA,NA,NA,NA,NA,NA,NA,NA,NA,NA,NA,NA,NA,NA,117905730.7168382,NA,NA,NA,NA,NA,NA,NA,NA,NA,NA,NA,NA,NA,NA,1330270
1991,all_16plus,NA,NA,NA,NA,NA,NA,NA,NA,NA,NA,NA,NA,NA,NA,118460393.69781747,NA,NA,NA,NA,NA,NA,NA,NA,NA,NA,NA,NA,NA,NA,1361357
1992,all_16plus,NA,NA,NA,NA,NA,NA,NA,NA,NA,NA,NA,NA,NA,NA,117776557.54022916,NA,NA,NA,NA,NA,NA,NA,NA,NA,NA,NA,NA,NA,NA,1343852
1993,all_16plus,NA,NA,NA,NA,NA,NA,NA,NA,NA,NA,NA,NA,NA,NA,118880139.05278015,NA,NA,NA,NA,NA,NA,NA,NA,NA,NA,NA,NA,NA,NA,1323030
1994,all_16plus,NA,NA,NA,NA,NA,NA,NA,NA,NA,NA,NA,NA,NA,NA,121028008.39466794,NA,NA,NA,NA,NA,NA,NA,NA,NA,NA,NA,NA,NA,NA,1299191
1995,all_16plus,NA,NA,NA,NA,NA,NA,NA,NA,NA,NA,NA,NA,NA,NA,123904063.8097852,NA,NA,NA,NA,NA,NA,NA,NA,NA,NA,NA,NA,NA,NA,1268606
1996,all_16plus,NA,NA,NA,NA,NA,NA,NA,NA,NA,NA,NA,NA,NA,NA,125196184.38590972,NA,NA,NA,NA,NA,NA,NA,NA,NA,NA,NA,NA,NA,NA,1208440
1997,all_16plus,NA,NA,NA,NA,NA,NA,NA,NA,NA,NA,NA,NA,NA,NA,127587923.35545795,NA,NA,NA,NA,NA,NA,NA,NA,NA,NA,NA,NA,NA,NA,1112918
1998,all_16plus,NA,NA,NA,NA,NA,NA,NA,NA,NA,NA,NA,NA,NA,NA,130262921.24430592,NA,NA,NA,NA,NA,NA,NA,NA,NA,NA,NA,NA,NA,NA,1114126
1999,all_16plus,NA,NA,NA,NA,NA,NA,NA,NA,NA,NA,NA,NA,NA,NA,132026979.62193489,NA,NA,NA,NA,NA,NA,NA,NA,NA,NA,NA,NA,NA,NA,1118314
2000,all_16plus,NA,NA,NA,NA,NA,NA,NA,NA,NA,NA,NA,NA,NA,NA,134419650.68889365,NA,NA,NA,NA,NA,NA,NA,NA,NA,NA,NA,NA,NA,NA,1126640
2001,all_16plus,NA,NA,NA,NA,NA,NA,NA,NA,NA,NA,NA,NA,NA,NA,137178671.00652632,NA,NA,NA,NA,NA,NA,NA,NA,NA,NA,NA,NA,NA,NA,1112295
2002,all_16plus,NA,NA,NA,NA,NA,NA,NA,NA,NA,NA,NA,NA,NA,NA,136538877.56880632,NA,NA,NA,NA,NA,NA,NA,NA,NA,NA,NA,NA,NA,NA,1253473
2003,all_22_27,40402.934575398765,18349.030710856117,322734.96372795105,447375.4321301778,686605.8750063578,150715.60203043622,135013.6691640218,306254.55433654785,451106.55371348065,815745.1967245738,530926.4145285289,184996.58656056723,125469.34063148499,0,12674951.650566101,280,130,1950,2514,4159,846,753,1721,2669,4909,3285,1058,799,16,98150
2004,all_22_27,195795.4470208486,52658.88183720906,1482730.0808238983,1644875.4438565571,2972557.164141973,534810.6296882629,504546.09807840985,1268691.7500305176,1793876.3677520752,3225893.5474357605,2157574.5665098825,777706.2883847555,488315.2489929199,0,0,1336,350,8400,8998,17010,3042,2797,7025,10185,18774,12826,4507,2967,65,23608
2005,all_22_27,192642.2393805186,65815.60632451375,1599073.0264956157,1629986.6610517502,3062243.0038064322,598564.5110677084,474162.17092259723,1263588.848865509,1919412.723072052,3204773.4636859894,2266009.678455353,835804.7669620514,510184.5182139079,0,0,1317,388,8960,8712,17066,3212,2509,6849,10399,18379,13116,4651,2964,70,23697
2006,all_22_27,196691.74747975668,76671.81457901001,1674770.840693156,1636684.4337148666,3088285.885269165,611294.3310953777,456148.2415364584,1370544.1194636028,1880908.3585306804,3336394.3914165497,2270213.6391792297,844301.4555600485,518344.0504544576,0,0,1299,547,9308,8720,17197,3271,2459,7331,10515,18755,13007,4653,3079,69,23556
2007,all_22_27,206058.80778884888,88871.58866882324,1760889.0831044514,1629306.6271095276,3050688.8345743814,644698.2773946127,490284.2793947856,1407569.8835868835,2024513.648574829,3480944.0754318237,2304201.5917689004,808145.7294998169,541004.6162897745,0,0,1284,638,9599,8408,16349,3190,2493,7249,10951,18774,12925,4385,3061,58,23011
2008,all_22_27,192700.2553100586,101813.9581782023,1707428.2830060322,1615554.727645874,3101377.086865743,706528.5024973551,478625.6189206441,1299484.272160848,2119504.8512827554,3601136.876475016,2387025.2213401794,863596.9936561584,551517.333799998,0,0,1216,709,9049,8459,16494,3375,2436,6567,11072,19306,12999,4561,3127,50,23074
2009,all_22_27,202476.00537363687,116124.81942621867,1416446.7606430054,1503703.6597442627,2963818.9966863,675474.0011202495,466586.0790710449,1265308.6197738647,1981489.6816673279,3718532.671156565,2445283.099184672,838453.6224136353,566026.303642273,0,0,1326,806,8097,7962,15814,3533,2367,6479,10583,19656,13401,4509,3170,59,23874
2010,all_22_27,177985.4244181315,76163.73708089192,1114693.5970077515,1248874.2915064495,2897924.3792788186,576474.4925575256,418749.4094759623,1196897.3776512146,1942419.1670583088,3600856.485425313,2457848.3264401755,851943.5629781086,610940.6083806355,0,0,1236,587,7048,7202,16094,3173,2305,6267,10896,19649,13997,4646,3349,74,25256
2011,all_22_27,214272.36924997965,94074.15336227417,1040655.3041063945,1342501.1782887776,3079835.617556254,600083.5345166525,397298.6236394246,1072209.146466573,1828646.7817700705,3669055.074710846,2507394.9217936196,789404.7693786621,625880.5069986979,0,0,1425,616,6403,7405,16684,3092,2134,5799,10269,20445,14297,4431,3498,79,25786
2012,all_22_27,207769.2348098755,120358.20455805461,1067567.934065501,1368723.8832715352,3081813.9006996155,607501.8615557352,391907.07062021893,1039486.4288622538,1930810.2505276997,3601403.7619806924,2544050.9549484253,850706.5447718302,548075.8495839437,0,0,1375,772,5757,7044,16150,3021,2031,5345,10095,19497,13961,4610,3164,108,26380
2013,all_22_27,213454.49627304077,136074.2074254354,953516.0904782614,1343703.6533737183,3199571.2275746665,644824.8307723999,389246.48781458533,1088048.5647176106,1980532.5953915915,3734884.474714915,2689188.3659947715,878444.742699941,512058.6076774597,0,0,1397,881,5101,7039,16348,3154,1961,5366,10151,19506,14086,4642,2861,97,25580
2014,all_22_27,204462.41140492758,154252.35006713867,1006572.2709630331,1482389.4632911682,3267034.026032766,678204.0697937012,400914.7477874756,1037625.4435971578,2068545.6737874348,3733678.760026296,2734988.887439728,895983.8790181478,498613.0362421672,0,0,1277,912,5130,7208,16120,3253,1881,4999,10299,18778,13860,4402,2705,76,26411
2015,all_22_27,223547.55209732056,155688.55859120685,1053800.668607076,1539617.3250859578,3332586.501305898,668076.1286334991,425286.3434193929,1034126.2973302206,2135336.069052378,3809771.567577362,2789120.9400367737,888242.2579282125,506007.5373204549,0,0,1402,1006,5505,7381,16202,3193,1986,4825,10493,19030,14103,4427,2701,52,26377
2016,all_22_27,226983.37427520755,129984.80639139812,1036167.5526008606,1619373.2344411213,3307597.6356811523,760559.9787801107,368366.27859751385,1081262.8223266602,2188192.298614502,4007712.402598063,2849304.8937428794,833626.6044019064,528848.7543271383,0,0,1341,912,5173,7427,15246,3428,1720,4823,10184,18974,13593,4099,2760,40,25856
2017,all_22_27,242094.56965637207,77878.78329467773,1121569.0617307026,1723673.8418248494,3278621.7017822266,811381.8231150309,387438.8062756856,1083526.9452705383,2374586.2118988037,4111040.125395457,2794892.6129099526,902563.8098424276,569354.7405764261,0,0,1370,551,5441,7746,15017,3467,1748,4774,10657,19503,12892,4334,2923,40,25411
2018,all_22_27,221992.97377141318,78522.63671366374,1179757.4910875955,1723988.1862513225,3275248.637034098,866851.1100209554,399155.76227442425,1146316.1029396057,2407035.066505432,4247873.910957336,2766287.993789673,859680.208325704,606517.8783607483,0,0,1273,528,5241,7360,14122,3599,1688,4787,10444,18616,12361,3969,2821,27,23571
2019,all_22_27,231632.30015309653,94654.92960739136,1194694.1424738567,1742788.7830301921,3056726.998865763,970319.1134516398,375598.8332392375,1150158.295911153,2392502.455118815,4215574.267355601,2731900.0278307595,881115.8436838785,615082.692314148,0,0,1195,604,5132,6961,12780,3707,1471,4491,9743,17610,11518,3948,2855,25,21767
2020,all_22_27,210489.22662607828,78245.67074839275,1305154.9795138042,1643635.6982269287,3001752.026345571,1029045.9462102255,358258.6871439616,1178600.3905804951,2435433.7127482095,4286888.125236511,2587343.040415446,936165.2436879476,612274.0146814982,0,0,1003,492,5241,6446,11848,3779,1379,4339,9240,16911,10397,3738,2649,17,19492
2021,all_22_27,188589.01173146564,58389.136545817055,1232308.4637730916,1471894.9249547322,2863286.972541809,945907.0346171061,296729.9093653361,1085860.0496877034,2241941.4706141152,3882651.706087748,1800391.5671768188,756363.7775700887,582597.7385050455,0,0,827,347,4498,5469,10446,3370,1099,3626,7971,14246,7860,2975,2187,22,18333
2022,all_22_27,186708.3487294515,54968.48158264161,1254268.90166982,1540137.0324503582,2983561.7793426514,1134818.4351730347,328556.40501912433,1037997.2764930725,2404797.627263387,3977412.77910614,2138197.400616964,860518.4728037516,602592.3747456869,0,0,866,293,4608,5595,10641,3838,1116,3539,8292,14293,7715,3111,2282,19,17815
2023,all_22_27,184334.9810587565,51611.040659586586,1342518.6006495159,1648902.9761861165,2768641.88478597,1189319.4323349,359124.0291875203,1086617.302154541,2551984.2749760947,4041732.6372642517,2310561.4891548157,870695.6594683329,616433.2500584921,0,0,801,272,4815,5517,9449,3782,1162,3515,8464,13604,7869,3135,2301,10,16414
2024,all_22_27,214293.67227172852,62381.48075358073,1452458.094965617,1697918.4008331299,2972396.256881714,1114907.3991978962,353223.3921508789,1043842.1668828329,2489353.4977518716,4170365.8301175437,2457893.3963216147,892713.5859196981,618390.666249593,0,0,837,293,4925,5514,9658,3510,1123,3295,7919,13643,8093,2967,2324,23,16603
2025,all_22_27,238742.14386494952,40525.62145233154,1443587.057706197,1537067.7538579304,2778104.125325521,1077221.0710627239,323530.2429529826,1120148.9247080486,2419817.924803416,4277454.726847331,2375364.7964604697,885430.2315165201,680660.1254336039,0,0,937,230,4952,5037,9390,3514,1063,3424,8000,14206,7936,2982,2479,8,16515
2026,all_22_27,167894.50146206943,48977.446749600495,1412500.10847057,1577193.140310114,2980569.5133431177,1152936.4668856533,317158.67502940784,1093032.3203125,2460484.9309442695,4418328.981448087,2405927.245344682,901149.8905362216,663553.3114734996,0,0,619,242,4061,4291,8152,3047,768,2787,6688,11941,6723,2537,2027,16,13973
1979,all_22_27,NA,NA,NA,NA,NA,NA,NA,NA,NA,NA,NA,NA,NA,NA,4085710.1291182837,NA,NA,NA,NA,NA,NA,NA,NA,NA,NA,NA,NA,NA,NA,45620
1980,all_22_27,NA,NA,NA,NA,NA,NA,NA,NA,NA,NA,NA,NA,NA,NA,16969477.37343979,NA,NA,NA,NA,NA,NA,NA,NA,NA,NA,NA,NA,NA,NA,190694
1981,all_22_27,NA,NA,NA,NA,NA,NA,NA,NA,NA,NA,NA,NA,NA,NA,17388537.368113834,NA,NA,NA,NA,NA,NA,NA,NA,NA,NA,NA,NA,NA,NA,217999
1982,all_22_27,NA,NA,NA,NA,NA,NA,NA,NA,NA,NA,NA,NA,NA,NA,17586772.96536954,NA,NA,NA,NA,NA,NA,NA,NA,NA,NA,NA,NA,NA,NA,196601
1983,all_22_27,NA,NA,NA,NA,NA,NA,NA,NA,NA,NA,NA,NA,NA,NA,17474675.248160202,NA,NA,NA,NA,NA,NA,NA,NA,NA,NA,NA,NA,NA,NA,193807
1984,all_22_27,NA,NA,NA,NA,NA,NA,NA,NA,NA,NA,NA,NA,NA,NA,18044135.90601794,NA,NA,NA,NA,NA,NA,NA,NA,NA,NA,NA,NA,NA,NA,191582
1985,all_22_27,NA,NA,NA,NA,NA,NA,NA,NA,NA,NA,NA,NA,NA,NA,18550373.858962696,NA,NA,NA,NA,NA,NA,NA,NA,NA,NA,NA,NA,NA,NA,188241
1986,all_22_27,NA,NA,NA,NA,NA,NA,NA,NA,NA,NA,NA,NA,NA,NA,18687428.199281055,NA,NA,NA,NA,NA,NA,NA,NA,NA,NA,NA,NA,NA,NA,185871
1987,all_22_27,NA,NA,NA,NA,NA,NA,NA,NA,NA,NA,NA,NA,NA,NA,18817641.25054423,NA,NA,NA,NA,NA,NA,NA,NA,NA,NA,NA,NA,NA,NA,179795
1988,all_22_27,NA,NA,NA,NA,NA,NA,NA,NA,NA,NA,NA,NA,NA,NA,18691734.64944903,NA,NA,NA,NA,NA,NA,NA,NA,NA,NA,NA,NA,NA,NA,171797
1989,all_22_27,NA,NA,NA,NA,NA,NA,NA,NA,NA,NA,NA,NA,NA,NA,18486007.597955704,NA,NA,NA,NA,NA,NA,NA,NA,NA,NA,NA,NA,NA,NA,155486
1990,all_22_27,NA,NA,NA,NA,NA,NA,NA,NA,NA,NA,NA,NA,NA,NA,18252113.99740982,NA,NA,NA,NA,NA,NA,NA,NA,NA,NA,NA,NA,NA,NA,158570
1991,all_22_27,NA,NA,NA,NA,NA,NA,NA,NA,NA,NA,NA,NA,NA,NA,18056938.852947872,NA,NA,NA,NA,NA,NA,NA,NA,NA,NA,NA,NA,NA,NA,158762
1992,all_22_27,NA,NA,NA,NA,NA,NA,NA,NA,NA,NA,NA,NA,NA,NA,17221547.70757675,NA,NA,NA,NA,NA,NA,NA,NA,NA,NA,NA,NA,NA,NA,152237
1993,all_22_27,NA,NA,NA,NA,NA,NA,NA,NA,NA,NA,NA,NA,NA,NA,16999270.256434757,NA,NA,NA,NA,NA,NA,NA,NA,NA,NA,NA,NA,NA,NA,147017
1994,all_22_27,NA,NA,NA,NA,NA,NA,NA,NA,NA,NA,NA,NA,NA,NA,17083746.182022095,NA,NA,NA,NA,NA,NA,NA,NA,NA,NA,NA,NA,NA,NA,141824
1995,all_22_27,NA,NA,NA,NA,NA,NA,NA,NA,NA,NA,NA,NA,NA,NA,17023270.55362161,NA,NA,NA,NA,NA,NA,NA,NA,NA,NA,NA,NA,NA,NA,135502
1996,all_22_27,NA,NA,NA,NA,NA,NA,NA,NA,NA,NA,NA,NA,NA,NA,16928549.352645557,NA,NA,NA,NA,NA,NA,NA,NA,NA,NA,NA,NA,NA,NA,125491
1997,all_22_27,NA,NA,NA,NA,NA,NA,NA,NA,NA,NA,NA,NA,NA,NA,16778308.399950664,NA,NA,NA,NA,NA,NA,NA,NA,NA,NA,NA,NA,NA,NA,113622
1998,all_22_27,NA,NA,NA,NA,NA,NA,NA,NA,NA,NA,NA,NA,NA,NA,16775068.42385292,NA,NA,NA,NA,NA,NA,NA,NA,NA,NA,NA,NA,NA,NA,110563
1999,all_22_27,NA,NA,NA,NA,NA,NA,NA,NA,NA,NA,NA,NA,NA,NA,16465245.92256864,NA,NA,NA,NA,NA,NA,NA,NA,NA,NA,NA,NA,NA,NA,106632
2000,all_22_27,NA,NA,NA,NA,NA,NA,NA,NA,NA,NA,NA,NA,NA,NA,16507254.29029719,NA,NA,NA,NA,NA,NA,NA,NA,NA,NA,NA,NA,NA,NA,105637
2001,all_22_27,NA,NA,NA,NA,NA,NA,NA,NA,NA,NA,NA,NA,NA,NA,16883818.332316715,NA,NA,NA,NA,NA,NA,NA,NA,NA,NA,NA,NA,NA,NA,105489
2002,all_22_27,NA,NA,NA,NA,NA,NA,NA,NA,NA,NA,NA,NA,NA,NA,16728282.168329239,NA,NA,NA,NA,NA,NA,NA,NA,NA,NA,NA,NA,NA,NA,116933
2003,all_grads,58028.95929209391,20279.060141245525,209453.9251836141,700150.8059285482,792746.6840674082,240890.31534830728,277823.3206265767,715987.4354743958,949879.1164207458,1741468.1035823822,346523.02369944256,188569.47991307575,396361.34577560425,0,19751070.86127345,477,152,1359,4244,4928,1511,1667,4443,5742,10983,2206,1256,2549,2,169613
2004,all_grads,254522.55657450357,73465.22352727255,885808.3659375508,2785042.959497452,3388691.8616981506,994187.8875134785,1129620.8809280396,3047309.2393811545,3768158.249718984,6861431.169782002,1385940.5740502677,859317.4324582417,1659984.5142987568,0,0,2101,532,5558,16356,20366,5895,6546,18179,22590,42995,8604,5571,10434,28,45511
2005,all_grads,254668.31222661334,79319.4083697001,973598.8805325825,2774062.074071884,3404794.94277064,1006095.1924692789,1064407.3461964924,3088804.701374054,3821970.6860834756,6905678.10972182,1434092.3987925847,940332.2917130789,1690729.3975728352,0,0,2222,494,5991,15975,20144,5784,6074,17910,21601,42871,8580,5715,10460,11,45891
2006,all_grads,274358.3722343445,70485.31135559082,1040658.4088350931,2743026.8094237647,3387356.148082733,1030375.8430786133,1082734.8024762473,3273294.7760645547,3908860.188680013,7105407.557748795,1470890.4465786617,972456.2263069153,1715528.7002976735,0,0,2330,516,6146,15406,19371,5743,6022,18597,22246,42674,8762,5862,10634,31,46136
2007,all_grads,257362.35701115924,82555.52418136597,1122802.0931104023,2732025.02723821,3411806.190461477,1083571.4837710063,1200926.1615168254,3461309.4969813027,4219588.27809906,7438664.444004059,1485572.3200632732,928619.0183842977,1770256.2944984436,0,0,2170,557,6574,14827,18941,5884,6459,19175,23625,43127,8815,5559,10815,12,46248
2008,all_grads,247471.15539423627,79946.84418614706,1121740.584804535,2893316.9040133157,3460139.6164004006,1136365.3098335266,1143660.5301030476,3456948.674068451,4522897.006174724,7745450.924527486,1589848.9739112854,992447.994131724,1870015.726272583,0,0,2042,556,6435,15373,19037,6096,6147,18806,24530,44352,9143,5670,11312,16,47573
2009,all_grads,267795.7518501282,111327.43618138632,1096752.0028813682,2797576.412434896,3382134.660583496,1129464.0660260518,1125475.3737983704,3413974.910230001,4467634.7511736555,7927066.293196361,1709857.8528989155,1048489.6209856669,1867412.2359924316,0,0,2146,665,6363,15266,18754,6081,6109,18931,24698,45031,9874,6105,11024,13,48207
2010,all_grads,255301.56340535483,90494.13662719727,1043832.8464571635,2664455.7225265503,3420924.899546305,1082456.286385854,1076597.885831197,3315028.3062146506,4422330.73708725,7997511.73871994,1713026.4431088765,1061405.651599884,1909255.652885437,0,0,2085,592,6439,14967,19261,5983,6221,18819,25290,46777,10274,6227,11405,14,49936
2011,all_grads,261552.54957707724,117663.10182317097,992545.6623369852,2669682.2410062156,3460521.5380999246,1076282.1449419658,1073315.5490023296,3292360.7137298584,4516248.711249034,7984613.92067337,1743216.2045389812,1046097.8870519003,1917903.5128657024,0,0,1982,711,5949,14552,19125,6038,6033,18712,25452,46773,10212,6122,11620,17,51826
2012,all_grads,274942.73452250165,122239.84993108113,1053915.8064982097,2744475.6436576843,3383002.120499929,1139098.0701128643,1068419.3170789082,3344812.087248484,4711197.9829127,8163126.220668793,1751148.2399088542,1004255.3724695841,1843445.2902145386,0,0,2205,770,6033,14904,18717,6183,5855,18436,25662,47013,10219,6020,11054,30,53652
2013,all_grads,280773.01840845746,147232.56830088297,1068872.0762367249,2841474.16424942,3531780.048016866,1152948.1771914165,1049651.4250284832,3490798.99634552,4929068.878172557,8391347.417952219,1903899.9381548564,1082233.5553131104,1901903.0242538452,0,0,2226,912,6112,15257,19292,6186,5541,18731,26437,47326,10793,6284,10956,25,55438
2014,all_grads,294782.2102292379,181237.41439437866,1084071.7762552898,3009403.1980692544,3625821.0509033203,1246485.855895996,1113882.4457855225,3601428.1256993613,5033293.215090434,8438231.624534607,1969195.5556602478,1077688.6618207295,1887289.5168876648,0,0,2232,1115,5962,15584,19045,6447,5736,19093,26714,46120,10941,6176,10919,34,56777
2015,all_grads,306752.2702846527,187707.4818649292,1132719.8851966858,2923540.729830424,3739476.173607508,1214106.203300476,1193795.1549803417,3729906.770959854,5172082.410895665,8702495.659313837,1994977.3120930989,1145142.7979685466,1952841.108537038,0,0,2335,1167,5999,14855,19649,6119,5949,19074,26690,46785,10589,6438,11038,25,58554
2016,all_grads,350403.93052927655,176004.37623214722,1216765.6377499897,3030319.966846466,3747172.8103822074,1249945.318804423,1145979.6995951335,3837134.2473659515,5508888.635454814,8846572.702302933,2022350.1548055012,1158787.2499720256,2051824.9993553162,0,0,2563,1186,6138,14371,18400,6177,5519,18419,26814,45907,10025,6038,11077,20,60445
2017,all_grads,344300.7351633708,149931.08518218994,1232818.8871396384,3155612.819683075,3863665.654364268,1330370.8030522664,1084022.5882492065,3859633.0011774697,5858472.2933108015,8917002.40195465,2090919.4866015117,1235727.5665245056,2034907.2610232036,0,0,2620,1011,6140,14885,18899,6456,5214,18386,28227,45935,10366,6519,11028,10,62943
2018,all_grads,346944.2598355611,132016.3580678304,1323588.898718516,3221945.222001394,3866816.3202527366,1475644.151626587,1115160.2307192485,3966548.722368876,6147695.652328491,9362857.803746542,2206315.820626577,1329711.1695709229,2142287.7678629556,0,0,2453,859,6431,14754,18349,6742,5200,18314,28444,46138,10744,6731,11218,12,64194
2019,all_grads,330577.98973210657,143924.45899327597,1432790.1582870483,3315364.4073778787,3929853.2471618652,1562072.8980878193,1158057.0829645793,4251688.269377391,6431368.368666331,9520336.164741516,2242105.3940060935,1343541.6684455872,2259215.208015442,0,0,2255,860,6633,14608,17754,6866,5019,18600,28337,44888,10403,6632,11330,14,63848
2020,all_grads,348357.9519920349,166620.724764506,1500859.7221959431,3263409.056299845,3824861.443220774,1628485.0866800945,1104003.2230745952,4402395.611952464,6785578.863511403,9855651.679804483,2297963.1402537026,1373736.504465739,2281134.012667338,0,0,2280,947,6515,13705,16497,6946,4642,18273,27959,44105,9884,6415,10759,15,63999
2021,all_grads,367774.334022522,146158.23214213052,1496967.2003860474,3316557.4840774536,3823741.4989763894,1556231.5093091328,1077253.2798016865,4384940.8828125,6652424.368535359,9516291.272115072,1715986.448047638,1302575.6592076619,2419260.937412262,0,0,2217,745,6034,12680,15307,6332,4328,16706,25342,39246,8125,5646,10495,9,63401
2022,all_grads,350327.48178863525,134867.51420847574,1508654.5865097046,3439757.873006185,3819537.3066088357,1780136.578763326,1142006.4862467449,4506477.022453308,6906473.207653046,9781339.862659454,2065445.2016029358,1327992.333132426,2448499.7513046265,0,0,2052,642,5961,12794,14826,6602,4234,16779,25567,38856,8235,5609,10174,14,63725
2023,all_grads,382600.719233195,136079.5735066732,1643649.5609868367,3571709.7032521567,3783725.9488487244,1899270.6592229207,1273508.520066579,4662594.193358104,7238670.527444203,9939281.147518158,2290728.5042266846,1353375.5296796162,2450411.379342397,0,0,1992,546,6083,12504,13879,6691,4410,16576,25347,37476,8562,5292,9669,6,61536
2024,all_grads,374041.65231450397,106589.32412211101,1666051.6970558167,3682396.172935486,3975263.0551223755,1882675.2664146423,1274096.197385152,4610925.580366771,7333038.162576039,10352124.83865738,2334927.424064636,1383182.344312032,2555687.527730306,0,0,2069,505,6038,12678,14163,6552,4304,15776,25574,38000,8150,5272,9857,7,61245
2025,all_grads,395905.36863708496,139248.42520141602,1773271.0860417683,3651257.8018925986,3834963.701382955,1849055.7669754028,1207090.0852152507,4551992.770528157,7670013.414620717,10467254.53780365,2349379.49095281,1444848.4926745098,2691170.799387614,0,0,2117,584,6208,12326,13641,6292,4120,15468,26269,37603,8332,5524,10433,7,61931
2026,all_grads,379875.9671339555,116352.0023984042,1781543.6226501465,3719050.276369962,3892390.932751742,1937165.1919278232,1174429.630995317,4673089.008476951,7847877.5589668965,10575533.820236206,2432878.1804088247,1499071.3640760942,2554276.342819214,0,0,1735,442,5483,10782,11935,5779,3443,13694,22945,32575,7461,4981,8500,25,57049
1979,all_grads,NA,NA,NA,NA,NA,NA,NA,NA,NA,NA,NA,NA,NA,NA,2967653.239509662,NA,NA,NA,NA,NA,NA,NA,NA,NA,NA,NA,NA,NA,NA,31687
1980,all_grads,NA,NA,NA,NA,NA,NA,NA,NA,NA,NA,NA,NA,NA,NA,12279148.413999557,NA,NA,NA,NA,NA,NA,NA,NA,NA,NA,NA,NA,NA,NA,136490
1981,all_grads,NA,NA,NA,NA,NA,NA,NA,NA,NA,NA,NA,NA,NA,NA,12938061.979721704,NA,NA,NA,NA,NA,NA,NA,NA,NA,NA,NA,NA,NA,NA,156580
1982,all_grads,NA,NA,NA,NA,NA,NA,NA,NA,NA,NA,NA,NA,NA,NA,13440395.98022906,NA,NA,NA,NA,NA,NA,NA,NA,NA,NA,NA,NA,NA,NA,145600
1983,all_grads,NA,NA,NA,NA,NA,NA,NA,NA,NA,NA,NA,NA,NA,NA,14122123.408545494,NA,NA,NA,NA,NA,NA,NA,NA,NA,NA,NA,NA,NA,NA,150315
1984,all_grads,NA,NA,NA,NA,NA,NA,NA,NA,NA,NA,NA,NA,NA,NA,14780375.721090317,NA,NA,NA,NA,NA,NA,NA,NA,NA,NA,NA,NA,NA,NA,152986
1985,all_grads,NA,NA,NA,NA,NA,NA,NA,NA,NA,NA,NA,NA,NA,NA,15420508.783159256,NA,NA,NA,NA,NA,NA,NA,NA,NA,NA,NA,NA,NA,NA,154599
1986,all_grads,NA,NA,NA,NA,NA,NA,NA,NA,NA,NA,NA,NA,NA,NA,16171860.292061487,NA,NA,NA,NA,NA,NA,NA,NA,NA,NA,NA,NA,NA,NA,159779
1987,all_grads,NA,NA,NA,NA,NA,NA,NA,NA,NA,NA,NA,NA,NA,NA,16642103.785259247,NA,NA,NA,NA,NA,NA,NA,NA,NA,NA,NA,NA,NA,NA,160357
1988,all_grads,NA,NA,NA,NA,NA,NA,NA,NA,NA,NA,NA,NA,NA,NA,17367301.99736595,NA,NA,NA,NA,NA,NA,NA,NA,NA,NA,NA,NA,NA,NA,163637
1989,all_grads,NA,NA,NA,NA,NA,NA,NA,NA,NA,NA,NA,NA,NA,NA,17926829.45915858,NA,NA,NA,NA,NA,NA,NA,NA,NA,NA,NA,NA,NA,NA,154680
1990,all_grads,NA,NA,NA,NA,NA,NA,NA,NA,NA,NA,NA,NA,NA,NA,18444017.593957264,NA,NA,NA,NA,NA,NA,NA,NA,NA,NA,NA,NA,NA,NA,165912
1991,all_grads,NA,NA,NA,NA,NA,NA,NA,NA,NA,NA,NA,NA,NA,NA,18866670.743424732,NA,NA,NA,NA,NA,NA,NA,NA,NA,NA,NA,NA,NA,NA,173194
1992,all_grads,NA,NA,NA,NA,NA,NA,NA,NA,NA,NA,NA,NA,NA,NA,19127318.799265545,NA,NA,NA,NA,NA,NA,NA,NA,NA,NA,NA,NA,NA,NA,173915
1993,all_grads,NA,NA,NA,NA,NA,NA,NA,NA,NA,NA,NA,NA,NA,NA,19328958.65659968,NA,NA,NA,NA,NA,NA,NA,NA,NA,NA,NA,NA,NA,NA,171627
1994,all_grads,NA,NA,NA,NA,NA,NA,NA,NA,NA,NA,NA,NA,NA,NA,20125818.095822018,NA,NA,NA,NA,NA,NA,NA,NA,NA,NA,NA,NA,NA,NA,171988
1995,all_grads,NA,NA,NA,NA,NA,NA,NA,NA,NA,NA,NA,NA,NA,NA,21124762.935682934,NA,NA,NA,NA,NA,NA,NA,NA,NA,NA,NA,NA,NA,NA,174700
1996,all_grads,NA,NA,NA,NA,NA,NA,NA,NA,NA,NA,NA,NA,NA,NA,21628322.721987087,NA,NA,NA,NA,NA,NA,NA,NA,NA,NA,NA,NA,NA,NA,171081
1997,all_grads,NA,NA,NA,NA,NA,NA,NA,NA,NA,NA,NA,NA,NA,NA,22436625.909513474,NA,NA,NA,NA,NA,NA,NA,NA,NA,NA,NA,NA,NA,NA,160172
1998,all_grads,NA,NA,NA,NA,NA,NA,NA,NA,NA,NA,NA,NA,NA,NA,23285017.178648632,NA,NA,NA,NA,NA,NA,NA,NA,NA,NA,NA,NA,NA,NA,163915
1999,all_grads,NA,NA,NA,NA,NA,NA,NA,NA,NA,NA,NA,NA,NA,NA,23986644.739468258,NA,NA,NA,NA,NA,NA,NA,NA,NA,NA,NA,NA,NA,NA,168184
2000,all_grads,NA,NA,NA,NA,NA,NA,NA,NA,NA,NA,NA,NA,NA,NA,24746097.14184634,NA,NA,NA,NA,NA,NA,NA,NA,NA,NA,NA,NA,NA,NA,172208
2001,all_grads,NA,NA,NA,NA,NA,NA,NA,NA,NA,NA,NA,NA,NA,NA,25482798.36556689,NA,NA,NA,NA,NA,NA,NA,NA,NA,NA,NA,NA,NA,NA,171764
2002,all_grads,NA,NA,NA,NA,NA,NA,NA,NA,NA,NA,NA,NA,NA,NA,25636209.65438938,NA,NA,NA,NA,NA,NA,NA,NA,NA,NA,NA,NA,NA,NA,196201
2003,grads_22_27,3869.9064280192065,2154.6978136698413,16894.13866933187,72192.54770406087,109050.6510365804,15636.866790771484,43781.480573018394,99910.69703420004,140949.54931131998,293544.0550333659,79148.03826141357,30750.695203145344,43556.94956080119,NA,2817660.985543569,28,16,101,395,635,90,247,558,780,1731,479,179,285,NA,20148
2004,grads_22_27,22410.53077316284,4960.6585489908875,86953.73866271973,287354.1437428792,463623.68587112427,70896.4702758789,176023.47810618082,456584.12714258826,555107.2238464355,1154721.4277598064,333960.14649836224,114992.90180587767,160586.36526234946,0,0,185,33,526,1550,2569,399,962,2462,3083,6635,1870,731,984,4,3319
2005,grads_22_27,15028.580627441408,6900.588186899822,112429.77040481567,297442.85981623334,518849.22260665894,75485.88448969522,157624.6485226949,432374.8343302409,599399.0201479594,1146362.4342009227,345424.2890294393,132074.90840148926,175869.53417714438,0,0,159,44,654,1503,2801,409,848,2440,3106,6602,1867,766,1046,2,3345
2006,grads_22_27,17020.800763448082,6110.728365580243,108536.05242029826,287900.2265065511,484199.6357841492,86682.23745727539,166615.33738581341,484434.28663635254,604798.2023951212,1197200.8206996918,318290.6013832092,141041.23908615112,168519.62004343668,0,0,145,46,615,1511,2628,467,853,2612,3338,6704,1826,850,1092,6,3358
2007,grads_22_27,20067.195554097492,8952.64084370931,136364.17128626505,296591.4266789754,525727.584748586,77512.32452138264,186127.6052767436,522698.48114267987,660911.1915753683,1277909.7847073872,331126.165552775,131718.5908063253,177343.91304016113,0,0,140,51,687,1416,2723,408,923,2741,3563,6879,1852,781,1057,2,3258
2008,grads_22_27,20102.55319976807,6278.727310180665,136559.5966466268,303460.63740666705,521079.08857345575,96575.33004252116,186488.2183519999,503489.7837320964,724513.5203514099,1352577.4595870972,399875.9509557088,168904.00048700967,184971.19424565634,NA,0,135,52,701,1461,2711,462,968,2466,3723,7335,2084,954,1185,NA,3381
2009,grads_22_27,28831.538363138836,15883.821642557781,140928.2019297282,294210.5246136983,510622.9681371053,95449.04013824463,198456.0054473877,516039.3506940206,694642.5600852966,1372252.7413597107,412903.05635579425,149117.06829325357,189158.08566029865,0,0,199,85,731,1462,2610,504,963,2583,3640,7334,2251,891,1157,3,3677
2010,grads_22_27,21621.88656616211,10054.04933420817,102179.27891540527,276326.8420639038,538405.9966278076,92104.89380772908,174132.77658462524,499519.8961118063,683352.728553772,1319804.0049870808,461614.59195073444,162317.02309290567,224559.51792653403,0,0,164,60,593,1402,2845,482,911,2493,3700,7378,2503,897,1279,1,3785
2011,grads_22_27,17178.85316467285,16252.41222890218,101308.60489400229,292296.86729939777,570607.8603693644,86392.97307840984,172296.0030250549,464032.5107269287,657017.3709742228,1390244.2647132874,476337.1295865377,159364.28990809122,212066.6009941101,0,0,153,72,556,1445,2911,478,919,2469,3490,7714,2539,917,1285,3,3958
2012,grads_22_27,24056.706019083656,18233.23359934489,102133.69978332521,272535.46750768024,575795.2206446329,105132.11760965984,175549.3026339213,483794.64863967896,715590.4136784871,1361010.3355051677,426533.2355957031,154765.0947672526,194867.93159993488,0,0,198,85,530,1397,2958,506,896,2396,3581,7444,2324,965,1179,4,4212
2013,grads_22_27,26790.493342081703,23944.427378336586,92086.73258972168,290061.6773707072,587300.3698145548,96243.54520924886,171738.45627085367,495084.2966969808,743419.3741315206,1382377.2051773071,470293.7461458842,172760.2878583272,197852.45101801553,0,0,181,115,479,1475,2931,447,868,2412,3712,7382,2484,1039,1135,2,4165
2014,grads_22_27,27382.89471944173,31586.46872456869,115428.68052164714,345576.620803833,613411.522143046,98223.78144073486,185559.46168518066,461507.3695971171,766414.7681058248,1386723.244410197,465950.63449350995,172183.97076670328,166675.08603413898,0,0,214,149,550,1654,2939,520,831,2193,3837,7020,2401,968,978,3,4487
2015,grads_22_27,30688.273371378575,35069.78824106852,118877.68464152019,354182.26996866864,617352.7042274475,107842.18452962239,194217.4668629964,480088.1871833801,826028.9882888794,1441518.788230896,476693.4325358073,168506.01207097372,176034.81611887613,0,0,219,174,579,1624,2955,476,847,2147,4076,7154,2353,933,1005,3,4403
2016,grads_22_27,34578.29656473795,27781.04656728109,128272.2779897054,334187.7783126831,616328.6939951578,130164.56735229492,165585.45146306357,510167.760055542,920754.8875427246,1528937.691997528,502384.3924217224,165435.53634134927,199721.5629310608,0,0,196,161,600,1419,2636,581,770,2098,4129,7226,2293,835,1084,2,4365
2017,grads_22_27,29722.90128835043,16077.23853556315,122487.31634267172,396335.45098876953,635695.0569750469,156932.44146474203,169574.89372126263,479754.1749343872,981263.9411570232,1546452.7995808918,455676.38852945965,185355.0807622274,222478.78851064047,0,0,185,89,547,1663,2692,611,785,2006,4269,7326,2081,988,1195,2,4378
2018,grads_22_27,36440.932791392006,13646.161832173664,144861.72109603882,406936.24958292645,645690.204266866,165919.14286295572,187066.67781702676,494871.90487543744,984921.6479225159,1643885.5076853435,538890.2070261637,177572.34966023764,220255.55853398642,0,0,208,64,624,1629,2607,675,796,2003,4327,7156,2328,901,1119,2,4320
2019,grads_22_27,29803.42448679606,13315.19839223226,147087.31298828125,416942.7074432373,606199.456934611,162621.07186635333,186238.3764444987,542193.5733439127,1033519.7501653036,1651322.723607381,500803.28000132245,198053.9216410319,227999.2781906128,0,0,180,58,612,1604,2330,637,721,2036,4184,6918,2100,964,1141,1,3962
2020,grads_22_27,31862.84878794352,15349.850270589191,181460.35308965048,397327.6836115519,561205.8023732504,156873.0360132853,174976.85211690268,573988.1600748698,1069504.5966008503,1767958.2492167156,481990.97431437176,218960.3494796753,237567.96399434409,NA,0,160,81,688,1436,2074,603,657,2052,3959,6910,1843,924,1083,NA,3789
2021,grads_22_27,35103.80667114258,12496.593559265135,174408.2590484619,430669.47512054443,616738.5608215332,157351.24463144937,159314.7265294393,557826.4200083414,1049004.301050822,1649283.1185684204,349239.6088180542,195764.99418640137,250855.27220916748,0,0,148,46,608,1413,2067,571,571,1769,3538,5970,1484,808,906,6,3642
2022,grads_22_27,21856.207674662273,15985.044436136883,148462.17156219482,394297.03932444256,594793.5003229777,195608.12914530435,167728.59318796793,538212.1775093079,1058747.4566243489,1645056.195836385,401072.80457560223,191731.76980845132,240231.6720530192,NA,0,105,56,560,1331,1955,652,543,1794,3610,5815,1455,741,897,NA,3485
2023,grads_22_27,33363.416262308754,9209.083831787111,160747.24448140463,451673.7845713298,518470.778078715,212621.96077219644,192059.4329401652,568375.3328806559,1190485.6404851277,1659202.287671407,466114.1063741048,179905.23724238077,243855.7886098226,NA,0,134,28,540,1398,1657,630,609,1777,3847,5631,1614,690,923,NA,3156
2024,grads_22_27,39239.08765157064,13756.420374552408,161797.7829055786,478937.7938232422,580895.9679743449,197242.75651804605,186475.42228953043,523035.65192159015,1136842.2433013916,1736421.7638028462,513137.54763793945,177497.22282155356,264105.1976216634,NA,0,168,44,517,1464,1788,611,574,1593,3542,5630,1626,638,976,NA,3393
2025,grads_22_27,44363.12769063313,9546.581871032717,193248.8137919108,418437.4815546672,520448.5066477458,176241.29469807944,177850.21934509277,571187.4164505005,1156869.9690564473,1795303.597058614,496976.2695719401,192019.54573313394,295954.09793217975,0,0,176,33,611,1258,1693,546,552,1680,3753,5850,1570,671,1108,1,3177
2026,grads_22_27,32324.17636385831,6930.422740589488,196667.03903753107,471371.7291065563,561144.8003817472,209963.4226323908,145864.3436945135,562713.4496848367,1161477.961492365,1867812.65074019,500111.55219060724,195048.4647438743,273003.6168018688,0,0,125,30,516,1148,1517,510,357,1443,3103,4834,1394,595,809,1,2652
1979,grads_22_27,NA,NA,NA,NA,NA,NA,NA,NA,NA,NA,NA,NA,NA,NA,766893.4045251211,NA,NA,NA,NA,NA,NA,NA,NA,NA,NA,NA,NA,NA,NA,7214
1980,grads_22_27,NA,NA,NA,NA,NA,NA,NA,NA,NA,NA,NA,NA,NA,NA,3024021.035205841,NA,NA,NA,NA,NA,NA,NA,NA,NA,NA,NA,NA,NA,NA,29477
1981,grads_22_27,NA,NA,NA,NA,NA,NA,NA,NA,NA,NA,NA,NA,NA,NA,3048432.2238747277,NA,NA,NA,NA,NA,NA,NA,NA,NA,NA,NA,NA,NA,NA,32423
1982,grads_22_27,NA,NA,NA,NA,NA,NA,NA,NA,NA,NA,NA,NA,NA,NA,3052811.4735711417,NA,NA,NA,NA,NA,NA,NA,NA,NA,NA,NA,NA,NA,NA,28667
1983,grads_22_27,NA,NA,NA,NA,NA,NA,NA,NA,NA,NA,NA,NA,NA,NA,3112397.89412117,NA,NA,NA,NA,NA,NA,NA,NA,NA,NA,NA,NA,NA,NA,28904
1984,grads_22_27,NA,NA,NA,NA,NA,NA,NA,NA,NA,NA,NA,NA,NA,NA,3303188.6056944528,NA,NA,NA,NA,NA,NA,NA,NA,NA,NA,NA,NA,NA,NA,29523
1985,grads_22_27,NA,NA,NA,NA,NA,NA,NA,NA,NA,NA,NA,NA,NA,NA,3373658.31074969,NA,NA,NA,NA,NA,NA,NA,NA,NA,NA,NA,NA,NA,NA,29270
1986,grads_22_27,NA,NA,NA,NA,NA,NA,NA,NA,NA,NA,NA,NA,NA,NA,3489245.763572057,NA,NA,NA,NA,NA,NA,NA,NA,NA,NA,NA,NA,NA,NA,30085
1987,grads_22_27,NA,NA,NA,NA,NA,NA,NA,NA,NA,NA,NA,NA,NA,NA,3452198.0475826263,NA,NA,NA,NA,NA,NA,NA,NA,NA,NA,NA,NA,NA,NA,29111
1988,grads_22_27,NA,NA,NA,NA,NA,NA,NA,NA,NA,NA,NA,NA,NA,NA,3528201.088535309,NA,NA,NA,NA,NA,NA,NA,NA,NA,NA,NA,NA,NA,NA,28773
1989,grads_22_27,NA,NA,NA,NA,NA,NA,NA,NA,NA,NA,NA,NA,NA,NA,3501800.3001696267,NA,NA,NA,NA,NA,NA,NA,NA,NA,NA,NA,NA,NA,NA,25769
1990,grads_22_27,NA,NA,NA,NA,NA,NA,NA,NA,NA,NA,NA,NA,NA,NA,3489148.5867500305,NA,NA,NA,NA,NA,NA,NA,NA,NA,NA,NA,NA,NA,NA,26563
1991,grads_22_27,NA,NA,NA,NA,NA,NA,NA,NA,NA,NA,NA,NA,NA,NA,3416666.961092631,NA,NA,NA,NA,NA,NA,NA,NA,NA,NA,NA,NA,NA,NA,26963
1992,grads_22_27,NA,NA,NA,NA,NA,NA,NA,NA,NA,NA,NA,NA,NA,NA,3397261.506670634,NA,NA,NA,NA,NA,NA,NA,NA,NA,NA,NA,NA,NA,NA,26845
1993,grads_22_27,NA,NA,NA,NA,NA,NA,NA,NA,NA,NA,NA,NA,NA,NA,3394694.755517324,NA,NA,NA,NA,NA,NA,NA,NA,NA,NA,NA,NA,NA,NA,26651
1994,grads_22_27,NA,NA,NA,NA,NA,NA,NA,NA,NA,NA,NA,NA,NA,NA,3523590.545378367,NA,NA,NA,NA,NA,NA,NA,NA,NA,NA,NA,NA,NA,NA,26555
1995,grads_22_27,NA,NA,NA,NA,NA,NA,NA,NA,NA,NA,NA,NA,NA,NA,3688760.6518414817,NA,NA,NA,NA,NA,NA,NA,NA,NA,NA,NA,NA,NA,NA,26903
1996,grads_22_27,NA,NA,NA,NA,NA,NA,NA,NA,NA,NA,NA,NA,NA,NA,3683399.11514918,NA,NA,NA,NA,NA,NA,NA,NA,NA,NA,NA,NA,NA,NA,25479
1997,grads_22_27,NA,NA,NA,NA,NA,NA,NA,NA,NA,NA,NA,NA,NA,NA,3739691.365890503,NA,NA,NA,NA,NA,NA,NA,NA,NA,NA,NA,NA,NA,NA,23249
1998,grads_22_27,NA,NA,NA,NA,NA,NA,NA,NA,NA,NA,NA,NA,NA,NA,3671692.088845571,NA,NA,NA,NA,NA,NA,NA,NA,NA,NA,NA,NA,NA,NA,22395
1999,grads_22_27,NA,NA,NA,NA,NA,NA,NA,NA,NA,NA,NA,NA,NA,NA,3538047.7344519296,NA,NA,NA,NA,NA,NA,NA,NA,NA,NA,NA,NA,NA,NA,21534
2000,grads_22_27,NA,NA,NA,NA,NA,NA,NA,NA,NA,NA,NA,NA,NA,NA,3621881.794130961,NA,NA,NA,NA,NA,NA,NA,NA,NA,NA,NA,NA,NA,NA,21573
2001,grads_22_27,NA,NA,NA,NA,NA,NA,NA,NA,NA,NA,NA,NA,NA,NA,3791504.3884627023,NA,NA,NA,NA,NA,NA,NA,NA,NA,NA,NA,NA,NA,NA,21818
2002,grads_22_27,NA,NA,NA,NA,NA,NA,NA,NA,NA,NA,NA,NA,NA,NA,3715212.706893921,NA,NA,NA,NA,NA,NA,NA,NA,NA,NA,NA,NA,NA,NA,24239
