year_new,group,employment_1,employment_2,employment_3,employment_4,employment_5,employment_6,employment_7,employment_8,employment_9,employment_10,employment_11,employment_NA,sample_1,sample_2,sample_3,sample_4,sample_5,sample_6,sample_7,sample_8,sample_9,sample_10,sample_11,sample_NA
2003,all_16plus,5005605.896231969,7031553.064484914,5373727.9517024355,3949964.828853607,4912432.247472127,227167.95058695474,1863938.405986786,1255238.0781402588,2411310.860373815,2062675.7139193218,0,102720292.59141159,32072,43886,34963,24910,31469,1717,12790,7961,15416,13337,36,1096767
2004,all_16plus,19946582.13205306,28078989.331741333,22128735.968514126,16005265.85790507,19431277.715935707,1041129.1698830923,8245220.7186762495,5059410.412561417,9688956.947235426,8349902.625623703,0,0,124479,172112,141621,99587,122269,7548,52877,31326,59754,52491,182,432585
2005,all_16plus,20231230.780834835,28344425.38506031,22889398.14248371,16040701.716568312,19493748.479853313,981876.3349405924,8663314.529974619,5094288.514330546,9418692.826380411,8556026.121245066,0,0,122673,170251,142008,97411,119444,7218,53820,30706,56774,51527,170,429486
2006,all_16plus,20720217.09921773,28873996.63919862,23274657.012562115,16493467.251947403,19558020.54146226,981973.7277768453,9291204.212214788,5226934.031983693,9382199.79984506,8652624.76254336,0,0,123683,170476,142156,97674,116966,7055,56078,30313,55045,51094,191,425233
2007,all_16plus,21348389.174550373,29496608.206676483,23917001.48853429,16756208.489533743,19507804.012950897,974380.6065724691,9581098.462844849,5333374.452935536,9311875.926664988,8852789.426171621,0,0,124889,170596,142180,96221,114588,6737,56725,30222,53759,51017,139,420853
2008,all_16plus,21617420.692391712,30331036.13577525,24181253.482381184,16585481.379561106,19544797.638577778,964946.2592213949,9352596.029768625,5240568.1969566345,9408024.059866587,8836020.083243052,0,0,123995,173162,141230,94395,112856,6695,54578,29024,53200,50125,126,422494
2009,all_16plus,22071127.84742737,30652989.016774494,24576351.551356,16094218.682106018,18972091.330745697,959114.659837087,8342501.23839442,5164794.160929362,8623058.954134623,8748622.964968363,0,0,127195,175044,142478,92281,109974,6667,51726,29122,50398,50530,154,424038
2010,all_16plus,21404288.710099537,30793288.154921215,24605824.524903614,15525872.141590118,18047956.661547344,929863.9737383524,7319683.200004578,4870523.084354401,7558384.674701691,8123482.182811737,0,0,126792,179324,147374,92005,108520,6758,48935,28824,48261,49671,208,440202
2011,all_16plus,20936768.076222736,30879113.778338116,24616158.19701131,15394682.507516226,18041147.995816547,1002730.3101209005,7140457.306933085,4919503.718968709,8128961.69678243,8225985.458625793,0,0,122984,177199,147808,89617,107620,7011,46934,28652,48899,48672,227,447760
2012,all_16plus,21791666.608283997,30921440.806397755,25024036.54295985,15405071.643989563,17724655.985541027,996116.5658836365,7140336.067807515,4862125.079125722,8225728.522139232,8393592.560573578,0,0,124913,175342,145337,87064,103762,6867,44490,27337,47365,48249,232,452284
2013,all_16plus,22773743.644322712,31507258.092845917,25610143.467478435,15369758.299940744,17742892.319179535,985306.57373046875,6996707.666637421,4858984.972332001,8421518.121634165,8577688.588247934,0,0,128106,176447,143809,84903,100388,6573,42515,26723,47252,48518,209,453251
2014,all_16plus,22781549.514086407,32154439.379749298,25935415.785062153,15628837.700569153,17713356.452650707,985727.3464419048,7249876.77104187,4951146.0880355835,8278653.315288544,8767913.767309824,0,0,126623,175773,142018,84486,97976,6393,41711,26273,45372,47767,245,457687
2015,all_16plus,23388112.195676167,33135658.70418326,25846009.36095683,15659182.589283943,17805970.41526413,1043471.3190231323,7645588.149193446,4903296.655036926,8517089.548892975,9073897.72927475,0,0,126794,178125,139924,83187,96817,6739,43118,26157,45554,48391,170,468566
2016,all_16plus,24402608.479328793,34009616.35701561,26084325.45698611,15753846.275221506,17833021.943490345,1073347.2701625824,7706329.962183635,4989728.8700790405,8517441.24355189,9174116.518400827,0,0,125742,174191,135110,79933,92625,6699,41491,25870,43443,47154,145,467310
2017,all_16plus,24993258.38320796,34698162.6720225,26913546.15789032,15872532.120665232,17662824.209140778,1126614.1309432983,7933889.275018056,4925830.793617249,8398805.51288096,9319906.249368032,0,0,127295,176824,137161,79988,90627,6802,42297,25128,42802,47268,129,469487
2018,all_16plus,25478392.107699078,35888430.06466929,26815285.5292867,15729366.972909292,17736733.39933777,1181732.152990977,8159994.094454448,4944541.733829498,8523401.267495474,9494470.60013326,0,0,125888,175398,131238,76363,87542,6835,41124,24393,41405,46264,82,460748
2019,all_16plus,26081952.487058003,36668154.07062658,26860013.507212322,15772578.42444992,17711552.901412964,1136787.370803833,8407761.89569219,4932636.219730377,8644558.700262705,9998751.13455073,0,0,123584,171654,125585,73600,83736,6342,39773,23203,40517,45756,90,445003
2020,all_16plus,27230060.767944336,37387505.25684229,26950612.978126526,15510335.442473093,17380453.730824787,1154534.1437886555,8248157.2721379595,4920372.752560933,8460524.724319458,10512671.855150858,0,0,122329,166685,118981,69232,78643,5964,37276,22196,38157,45921,90,429826
2021,all_16plus,27017899.27951177,36191995.75412623,22096773.60232417,14073602.284828186,15482472.292705536,1020583.4085973104,7603963.4469566345,4545534.5670000715,7474900.938849132,10472091.396055857,0,0,112688,148706,98277,59226,66053,5059,32539,19471,31783,44528,74,405977
2022,all_16plus,28193001.627985638,37303391.26855723,24899003.293394726,14399531.115210215,15960166.905918121,1045026.2340431213,8204359.45102946,4899863.668560028,8014988.784713745,11517055.58725357,0,0,112860,147704,99894,57431,64309,4978,33253,19656,32387,45905,86,403815
2023,all_16plus,29650865.91249593,39042191.7844607,25655362.50464757,14231636.140061697,15980147.544420877,966357.5678927103,8475326.556938171,4825417.359372457,8339048.550075531,11831308.721407572,0,0,111851,145589,95341,53747,60828,4423,32043,18345,31165,43625,50,389211
2024,all_16plus,30540753.684263866,39852657.60240555,26308605.606789906,14320255.45190684,15845056.244719187,993787.2863413492,8449318.67695872,4922537.5686632795,8226972.941846211,11757960.081139883,0,0,113827,146237,95715,52875,59114,4567,31487,18464,30623,42542,69,384892
2025,all_16plus,30734972.140416462,40245693.70227051,26668579.190265656,14056405.578989664,15992932.680096945,971677.0193099976,8455130.453580221,4913342.263648987,7922872.818099976,11965690.233355204,0,0,112547,145283,96148,51372,58657,4432,31480,18013,29060,42934,59,380961
2026,all_16plus,31090802.183307994,40233135.10455184,27241967.6210341,14167633.476160223,16439105.68093872,978701.5392969305,8439662.987393467,5059273.2858193135,7781213.495276711,11905487.366256714,0,0,98068,124755,83627,44483,51638,3623,26608,15839,24362,36401,75,338478
1979,all_16plus,NA,NA,NA,NA,NA,NA,NA,NA,NA,NA,NA,23737650.22055896,NA,NA,NA,NA,NA,NA,NA,NA,NA,NA,NA,327236
1980,all_16plus,NA,NA,NA,NA,NA,NA,NA,NA,NA,NA,NA,97983541.16506942,NA,NA,NA,NA,NA,NA,NA,NA,NA,NA,NA,1372349
1981,all_16plus,NA,NA,NA,NA,NA,NA,NA,NA,NA,NA,NA,99484195.8588845,NA,NA,NA,NA,NA,NA,NA,NA,NA,NA,NA,1548152
1982,all_16plus,NA,NA,NA,NA,NA,NA,NA,NA,NA,NA,NA,100417038.52031915,NA,NA,NA,NA,NA,NA,NA,NA,NA,NA,NA,1418214
1983,all_16plus,NA,NA,NA,NA,NA,NA,NA,NA,NA,NA,NA,99585712.75940466,NA,NA,NA,NA,NA,NA,NA,NA,NA,NA,NA,1403899
1984,all_16plus,NA,NA,NA,NA,NA,NA,NA,NA,NA,NA,NA,102240752.3168524,NA,NA,NA,NA,NA,NA,NA,NA,NA,NA,NA,1390870
1985,all_16plus,NA,NA,NA,NA,NA,NA,NA,NA,NA,NA,NA,105934251.75637674,NA,NA,NA,NA,NA,NA,NA,NA,NA,NA,NA,1375200
1986,all_16plus,NA,NA,NA,NA,NA,NA,NA,NA,NA,NA,NA,107794266.80611007,NA,NA,NA,NA,NA,NA,NA,NA,NA,NA,NA,1370459
1987,all_16plus,NA,NA,NA,NA,NA,NA,NA,NA,NA,NA,NA,110308036.82801437,NA,NA,NA,NA,NA,NA,NA,NA,NA,NA,NA,1347869
1988,all_16plus,NA,NA,NA,NA,NA,NA,NA,NA,NA,NA,NA,113205124.34429741,NA,NA,NA,NA,NA,NA,NA,NA,NA,NA,NA,1349832
1989,all_16plus,NA,NA,NA,NA,NA,NA,NA,NA,NA,NA,NA,115722803.64595985,NA,NA,NA,NA,NA,NA,NA,NA,NA,NA,NA,1267538
1990,all_16plus,NA,NA,NA,NA,NA,NA,NA,NA,NA,NA,NA,117905730.7168382,NA,NA,NA,NA,NA,NA,NA,NA,NA,NA,NA,1330270
1991,all_16plus,NA,NA,NA,NA,NA,NA,NA,NA,NA,NA,NA,118460393.69781747,NA,NA,NA,NA,NA,NA,NA,NA,NA,NA,NA,1361357
1992,all_16plus,NA,NA,NA,NA,NA,NA,NA,NA,NA,NA,NA,117776557.54022916,NA,NA,NA,NA,NA,NA,NA,NA,NA,NA,NA,1343852
1993,all_16plus,NA,NA,NA,NA,NA,NA,NA,NA,NA,NA,NA,118880139.05278015,NA,NA,NA,NA,NA,NA,NA,NA,NA,NA,NA,1323030
1994,all_16plus,NA,NA,NA,NA,NA,NA,NA,NA,NA,NA,NA,121028008.39466794,NA,NA,NA,NA,NA,NA,NA,NA,NA,NA,NA,1299191
1995,all_16plus,NA,NA,NA,NA,NA,NA,NA,NA,NA,NA,NA,123904063.8097852,NA,NA,NA,NA,NA,NA,NA,NA,NA,NA,NA,1268606
1996,all_16plus,NA,NA,NA,NA,NA,NA,NA,NA,NA,NA,NA,125196184.38590972,NA,NA,NA,NA,NA,NA,NA,NA,NA,NA,NA,1208440
1997,all_16plus,NA,NA,NA,NA,NA,NA,NA,NA,NA,NA,NA,127587923.35545795,NA,NA,NA,NA,NA,NA,NA,NA,NA,NA,NA,1112918
1998,all_16plus,NA,NA,NA,NA,NA,NA,NA,NA,NA,NA,NA,130262921.24430592,NA,NA,NA,NA,NA,NA,NA,NA,NA,NA,NA,1114126
1999,all_16plus,NA,NA,NA,NA,NA,NA,NA,NA,NA,NA,NA,132026979.62193489,NA,NA,NA,NA,NA,NA,NA,NA,NA,NA,NA,1118314
2000,all_16plus,NA,NA,NA,NA,NA,NA,NA,NA,NA,NA,NA,134419650.68889365,NA,NA,NA,NA,NA,NA,NA,NA,NA,NA,NA,1126640
2001,all_16plus,NA,NA,NA,NA,NA,NA,NA,NA,NA,NA,NA,137178671.00652632,NA,NA,NA,NA,NA,NA,NA,NA,NA,NA,NA,1112295
2002,all_16plus,NA,NA,NA,NA,NA,NA,NA,NA,NA,NA,NA,136538877.56880632,NA,NA,NA,NA,NA,NA,NA,NA,NA,NA,NA,1253473
2003,all_grads,1795500.4409166973,2468293.230339686,449987.1928838094,878250.0888621012,627273.976931254,8130.018882751462,90131.60517247517,74032.35422770183,130587.02524693806,115975.64199002583,0,19751070.86127345,11126,15421,2765,5295,4147,71,618,487,811,776,2,169613
2004,all_grads,7208587.743490219,9930339.48852984,1862927.0506216686,3566943.8353157043,2672768.399573008,48484.938634236656,413036.5861002604,306714.8742980957,583062.2670599619,500615.7317428589,0,0,43605,60947,11572,21254,16734,389,2698,1859,3596,3073,28,45511
2005,all_grads,7294004.7419303255,9898501.582618713,1996007.8599793117,3592769.525873184,2814511.2921689353,44744.44434992473,415322.6848564148,359655.7108001709,553400.9482529958,469634.9510650635,0,0,42859,59915,11875,20878,16903,392,2778,2100,3331,2790,11,45891
2006,all_grads,7411087.500049591,10123952.141648611,2060978.8407526016,3643881.2045822144,2873996.785533905,51321.779202779144,515822.1575915019,362462.30371983844,536378.0786371231,495552.79944483435,0,0,43291,59793,12173,20645,16762,427,3153,2037,3195,2833,31,46136
2007,all_grads,7884581.939339955,10441841.56561025,2195887.2699305215,3723852.2606531777,2867309.656845093,50091.18561935425,546809.3394203186,407070.42534891766,557479.5115483602,520135.53500493366,0,0,44870,59791,12587,20581,16616,401,3229,2192,3260,3001,12,46248
2008,all_grads,8142163.036855062,11035893.952599844,2246927.819352468,3769936.104962667,2954099.1865730286,38904.63164901734,507128.94090525305,393372.66858673096,634946.6312726339,536877.2710647583,0,0,45290,62146,12716,20529,16862,335,3043,2088,3493,2997,16,47573
2009,all_grads,8117003.886164348,11171733.917268118,2393353.43819046,3709398.3219833374,2914881.422855377,43376.34404500325,474792.2840461731,390608.5681012472,554193.2012379965,575619.9843406677,0,0,45899,63029,13293,20253,16752,329,2937,2067,3216,3272,13,48207
2010,all_grads,8012460.932679494,10989383.015886942,2527624.170706431,3567959.579853058,3006127.5759569802,48638.663857777916,440539.1387036641,421463.568417867,509725.0152244568,528700.2091089884,0,0,46077,63883,14593,20267,17872,389,2798,2269,3085,3107,14,49936
2011,all_grads,7878468.423291524,10962114.565282186,2517253.283592224,3685755.268447876,3165758.793042501,49413.8787282308,411895.84058380127,379499.6416600545,536195.1709289551,565648.8713391622,0,0,45115,62847,14774,20229,18782,397,2650,2127,3112,3248,17,51826
2012,all_grads,8321766.900651296,10938838.515061697,2587394.4416262307,3645401.264046987,3088426.945643107,51841.23277028402,436099.7679341634,348667.09695180255,589583.8017489115,596058.7692896525,0,0,46616,62175,14797,19608,18002,402,2656,2008,3393,3414,30,53652
2013,all_grads,8754926.891544342,11332722.358146667,2731094.8473765054,3597529.3391431174,3213151.2967071533,63395.38921864828,429035.1683603923,375996.0279261271,627954.9783999125,646176.9908014933,0,0,48233,62995,15198,19290,18206,446,2566,2069,3506,3544,25,55438
2014,all_grads,8856023.781669617,11546692.234934488,2732938.7152150474,3828427.7237459817,3374847.7259508767,60827.95020548503,439035.23932266235,425091.18133290607,622630.4339345297,676295.6649144491,0,0,48420,62244,14973,19921,18351,453,2538,2184,3374,3626,34,56777
2015,all_grads,9132968.47445933,11898738.68224462,2858095.1219355264,3876601.303663254,3349162.4876003265,63514.51044972737,465474.5926678975,370188.7110900879,666450.2286529541,714349.8460693359,0,0,48174,63018,15164,20017,17977,442,2571,1977,3598,3749,25,58554
2016,all_grads,9555021.372492472,12116069.72733879,2908654.1901168823,3893646.6687081656,3470673.10814476,75091.81047821045,527702.6225509644,405267.2594235738,667516.0767771403,722506.8933652242,0,0,47957,61313,14491,18737,17676,541,2817,2000,3398,3704,20,60445
2017,all_grads,9731734.039138794,12373384.756526947,3027323.32778422,4045619.967617035,3460719.285455068,81946.30972290039,534526.3682874044,381657.22425206506,700244.8150075277,820228.4896341959,0,0,48333,62468,15014,19481,17490,569,2745,1972,3566,4048,10,62943
2018,all_grads,10034768.263014475,13190572.840035757,3216852.8272158303,4012052.9388783774,3556254.1994400024,102669.0609741211,551292.08847936,407433.20806503296,701033.0880521139,864603.863571167,0,0,48409,63559,15434,18929,17172,641,2791,1941,3405,4096,12,64194
2019,all_grads,10535263.896750132,13506250.264071146,3228892.50970459,4126187.798122406,3709020.3190727234,65059.737396240234,597204.2123756409,460304.12017186487,735537.7167396545,957174.741452535,0,0,48568,62069,14784,18483,17194,420,2788,2137,3465,4277,14,63848
2020,all_grads,10921043.648419699,13811631.642264048,3425783.1665878296,4040243.7603403726,3741942.034769694,90539.50563049316,608357.7732111613,415925.1425310771,752220.07762146,1025370.2695070902,0,0,47433,60259,14554,17326,16580,530,2667,1865,3386,4327,15,63999
2021,all_grads,11047706.889461517,13496508.964195251,2975126.9826812744,3810033.218884786,3553531.3944740295,88428.8235537211,531191.0652618408,423849.3129717509,770014.6229527792,1079771.832408905,0,0,44324,54053,12659,15362,14702,487,2290,1723,3085,4518,9,63401
2022,all_grads,11484904.655431112,13745825.570709229,3203088.0129966736,3952206.7937901816,3690065.1927693686,92264.93433888753,591410.9769770304,464161.1228345235,819909.2076365153,1167678.7384541829,0,0,44364,53492,12552,15185,14444,463,2364,1799,3276,4392,14,63725
2023,all_grads,12117152.18721517,14472812.000765482,3292143.610431671,3869971.0522371926,3639540.7344462075,85064.79210154216,630097.4775263468,448960.0336303711,832326.7072067261,1237537.371125539,0,0,44255,52891,11959,14104,13675,436,2439,1678,3090,4500,6,61536
2024,all_grads,12473953.866283417,14893748.809496561,3488143.1701202393,3913864.9453404746,3535461.479789734,77314.2699584961,640111.9285583496,448107.86540476483,866453.9719848633,1193838.936120351,0,0,44931,53268,12006,13831,13031,430,2408,1692,3146,4195,7,61245
2025,all_grads,12536421.050970713,14932303.761285147,3613744.1029421487,3795477.939743042,3817599.238936106,83364.94235738117,673956.1630910238,439458.1242421468,830355.6399332682,1302770.7778129578,0,0,44445,52769,12667,13220,13817,467,2388,1596,3026,4522,7,61931
2026,all_grads,12671517.02218073,14800107.514107443,3722383.5846599233,3896069.225581776,4017889.0305633545,86929.85771595348,690884.6139304421,488203.2443126332,886706.9923248291,1322842.8138344504,0,0,38919,44796,11243,11808,12335,363,2152,1505,2729,3905,25,57049
1979,all_grads,NA,NA,NA,NA,NA,NA,NA,NA,NA,NA,NA,2967653.239509662,NA,NA,NA,NA,NA,NA,NA,NA,NA,NA,NA,31687
1980,all_grads,NA,NA,NA,NA,NA,NA,NA,NA,NA,NA,NA,12279148.413999557,NA,NA,NA,NA,NA,NA,NA,NA,NA,NA,NA,136490
1981,all_grads,NA,NA,NA,NA,NA,NA,NA,NA,NA,NA,NA,12938061.979721704,NA,NA,NA,NA,NA,NA,NA,NA,NA,NA,NA,156580
1982,all_grads,NA,NA,NA,NA,NA,NA,NA,NA,NA,NA,NA,13440395.98022906,NA,NA,NA,NA,NA,NA,NA,NA,NA,NA,NA,145600
1983,all_grads,NA,NA,NA,NA,NA,NA,NA,NA,NA,NA,NA,14122123.408545494,NA,NA,NA,NA,NA,NA,NA,NA,NA,NA,NA,150315
1984,all_grads,NA,NA,NA,NA,NA,NA,NA,NA,NA,NA,NA,14780375.721090317,NA,NA,NA,NA,NA,NA,NA,NA,NA,NA,NA,152986
1985,all_grads,NA,NA,NA,NA,NA,NA,NA,NA,NA,NA,NA,15420508.783159256,NA,NA,NA,NA,NA,NA,NA,NA,NA,NA,NA,154599
1986,all_grads,NA,NA,NA,NA,NA,NA,NA,NA,NA,NA,NA,16171860.292061487,NA,NA,NA,NA,NA,NA,NA,NA,NA,NA,NA,159779
1987,all_grads,NA,NA,NA,NA,NA,NA,NA,NA,NA,NA,NA,16642103.785259247,NA,NA,NA,NA,NA,NA,NA,NA,NA,NA,NA,160357
1988,all_grads,NA,NA,NA,NA,NA,NA,NA,NA,NA,NA,NA,17367301.99736595,NA,NA,NA,NA,NA,NA,NA,NA,NA,NA,NA,163637
1989,all_grads,NA,NA,NA,NA,NA,NA,NA,NA,NA,NA,NA,17926829.45915858,NA,NA,NA,NA,NA,NA,NA,NA,NA,NA,NA,154680
1990,all_grads,NA,NA,NA,NA,NA,NA,NA,NA,NA,NA,NA,18444017.593957264,NA,NA,NA,NA,NA,NA,NA,NA,NA,NA,NA,165912
1991,all_grads,NA,NA,NA,NA,NA,NA,NA,NA,NA,NA,NA,18866670.743424732,NA,NA,NA,NA,NA,NA,NA,NA,NA,NA,NA,173194
1992,all_grads,NA,NA,NA,NA,NA,NA,NA,NA,NA,NA,NA,19127318.799265545,NA,NA,NA,NA,NA,NA,NA,NA,NA,NA,NA,173915
1993,all_grads,NA,NA,NA,NA,NA,NA,NA,NA,NA,NA,NA,19328958.65659968,NA,NA,NA,NA,NA,NA,NA,NA,NA,NA,NA,171627
1994,all_grads,NA,NA,NA,NA,NA,NA,NA,NA,NA,NA,NA,20125818.095822018,NA,NA,NA,NA,NA,NA,NA,NA,NA,NA,NA,171988
1995,all_grads,NA,NA,NA,NA,NA,NA,NA,NA,NA,NA,NA,21124762.935682934,NA,NA,NA,NA,NA,NA,NA,NA,NA,NA,NA,174700
1996,all_grads,NA,NA,NA,NA,NA,NA,NA,NA,NA,NA,NA,21628322.721987087,NA,NA,NA,NA,NA,NA,NA,NA,NA,NA,NA,171081
1997,all_grads,NA,NA,NA,NA,NA,NA,NA,NA,NA,NA,NA,22436625.909513474,NA,NA,NA,NA,NA,NA,NA,NA,NA,NA,NA,160172
1998,all_grads,NA,NA,NA,NA,NA,NA,NA,NA,NA,NA,NA,23285017.178648632,NA,NA,NA,NA,NA,NA,NA,NA,NA,NA,NA,163915
1999,all_grads,NA,NA,NA,NA,NA,NA,NA,NA,NA,NA,NA,23986644.739468258,NA,NA,NA,NA,NA,NA,NA,NA,NA,NA,NA,168184
2000,all_grads,NA,NA,NA,NA,NA,NA,NA,NA,NA,NA,NA,24746097.14184634,NA,NA,NA,NA,NA,NA,NA,NA,NA,NA,NA,172208
2001,all_grads,NA,NA,NA,NA,NA,NA,NA,NA,NA,NA,NA,25482798.36556689,NA,NA,NA,NA,NA,NA,NA,NA,NA,NA,NA,171764
2002,all_grads,NA,NA,NA,NA,NA,NA,NA,NA,NA,NA,NA,25636209.65438938,NA,NA,NA,NA,NA,NA,NA,NA,NA,NA,NA,196201
2003,grads_22_27,177526.00262196857,426779.08544286096,92598.03826904297,106621.42478434245,100458.71239217122,1257.741205851236,10829.189151763918,7217.319493611652,15989.840543111168,12162.919514973957,NA,2817660.985543569,1002,2492,537,612,617,8,71,46,79,60,NA,20148
2004,grads_22_27,719654.8607571919,1666754.3000526428,362989.36762873334,479573.20446395874,462883.9291852315,10212.938652038576,46245.46186065673,32554.853309631344,52581.326807657875,54724.65557861328,0,0,3895,9456,2179,2568,2715,93,293,180,311,299,4,3319
2005,grads_22_27,725433.7052993774,1644552.0485795338,412831.20666376746,514402.4266560872,504976.1833534241,7211.632626851399,58475.86984634399,42313.559338887535,66577.03711954753,38492.90545781454,0,0,3906,9274,2285,2750,2762,68,375,240,346,239,2,3345
2006,grads_22_27,777829.0100657146,1692242.9810288746,387398.9982159932,484872.8461939494,515727.2419459025,10634.592274983725,57395.74139912924,39215.26895650228,55050.14749145508,50982.96135457356,0,0,4216,9509,2225,2560,2890,81,342,220,317,327,6,3358
2007,grads_22_27,843416.162390391,1799941.1913642883,422930.3320515951,525623.8454742432,518840.1940841675,10094.77737426758,77886.583152771,48101.336377461754,59400.88179016114,46815.771675109856,0,0,4441,9520,2343,2712,2900,60,404,237,331,273,2,3258
2008,grads_22_27,907283.2842928568,1993113.0043080647,414348.81991704303,529082.4471206665,532232.6153030396,8482.202629089355,64274.780128479004,44494.92704518636,61757.20930226644,49806.77084350587,NA,0,4666,10552,2328,2637,2832,66,343,214,301,298,NA,3381
2009,grads_22_27,848557.7461713155,1962395.1494191487,470071.08667755127,551495.4167912801,545401.7540588379,10780.347628275551,63807.20900726318,45674.51146825154,56797.72569274903,63514.01580556234,0,0,4407,10503,2539,2728,2915,62,352,233,310,361,3,3677
2010,grads_22_27,860228.3013941447,1886473.7721125286,566824.9099489847,506915.74023946124,547918.9549420674,6643.097844441732,39497.39333724974,36440.18415069581,53478.3916015625,61572.74095153809,0,0,4454,10302,3064,2686,3033,55,260,200,289,364,1,3785
2011,grads_22_27,822564.5372556051,1887615.8681869507,543860.1942520142,548454.4579760233,605725.6036465963,7490.6106007893895,37166.234659830734,34036.52136993408,57647.91092681885,70833.8020884196,0,0,4349,10250,3060,2773,3293,71,258,188,306,400,3,3958
2012,grads_22_27,876389.351910909,1869411.1284739177,532052.1152394612,551275.9957834879,547445.5222307841,10329.140691121416,51719.66984812419,32584.044275919598,66534.99396260579,72255.4451675415,0,0,4476,10044,2941,2753,2956,72,257,183,377,400,4,4212
2013,grads_22_27,899882.7745946249,1917784.9710324605,553573.8119138082,538869.0293045044,591289.0772018433,10451.699361165365,44634.789070129395,33776.93666585286,65782.50694020589,93907.46691894531,0,0,4535,9956,3033,2622,3199,63,260,177,369,446,2,4165
2014,grads_22_27,894467.0016072592,1966252.8628133137,560237.4555765787,574207.4246953329,580703.9005813599,10377.699180603026,53984.053649902344,54647.525370279945,78758.12473805745,62988.45523325603,0,0,4456,9776,2938,2695,3027,84,271,254,399,354,3,4487
2015,grads_22_27,1010886.0141830444,2056688.2822494507,573796.0451889038,563891.3333791097,562803.4581743876,12547.501881917315,53597.26321411133,43459.844563802086,77046.11363983154,72384.73979695638,0,0,4813,10100,2895,2643,2760,87,269,209,400,366,3,4403
2016,grads_22_27,1037598.2168464661,2136359.785706838,604522.6052385966,569759.9802131653,643597.1503728231,18966.29649098714,51626.94575246175,45638.768295288086,75792.79486083984,80437.39975738525,0,0,4707,9866,2788,2393,2940,116,269,198,380,371,2,4365
2017,grads_22_27,1066902.7828788757,2206321.3767674766,645880.5915234884,560943.9571240743,616248.1083602905,16214.382560729984,51606.69754028321,49425.21410115561,90431.43426005046,93831.9276746114,0,0,4747,10201,2897,2385,2853,102,227,206,381,438,2,4378
2018,grads_22_27,1125600.5975659688,2408390.1656977334,641931.7301801046,563979.3967475891,601102.6435597738,25088.196496327717,64609.29772694906,53411.881047566734,78088.93125661214,98755.42567443846,0,0,4852,10465,2764,2291,2694,137,271,199,335,429,2,4320
2019,grads_22_27,1132841.5268834431,2454428.7605158486,594199.3610407511,575547.7934112549,641913.2810440063,14122.122497558596,59689.371854146324,48655.12233479818,84038.40476226807,110664.33116149902,0,0,4620,10241,2536,2138,2628,90,245,201,349,437,1,3962
2020,grads_22_27,1164727.5154469807,2559104.3611081443,641393.4368743896,534803.9057973226,650247.4305877686,20357.773656209312,63153.74630228679,43102.780466715485,82745.99055989583,109389.77914428711,NA,0,4363,9983,2480,1904,2473,103,267,182,314,401,NA,3789
2021,grads_22_27,1168443.0838445027,2456457.905143738,532160.6788762411,485876.5959523519,611108.3135299683,16495.77138519287,60752.48817952474,56063.30016072591,88345.26216634114,162352.9819844564,0,0,3942,8648,2111,1651,2150,82,234,209,321,551,6,3642
2022,grads_22_27,1188300.0905265808,2364232.187522888,575325.4426269531,493737.5330225627,626762.6696879069,11093.53328196208,52692.594161987305,50859.9214960734,101761.75345611572,149017.036277771,NA,0,4105,8318,2066,1667,2097,41,218,162,358,482,NA,3485
2023,grads_22_27,1263212.808245341,2575672.81688563,636719.9259770712,474179.4443283081,586706.6897481283,19857.096501668293,57440.43852233887,42129.65632883708,98252.9206237793,131912.29704030356,NA,0,4134,8570,2140,1495,1920,72,204,158,336,449,NA,3156
2024,grads_22_27,1283144.3308029175,2664353.085348765,673485.9988632202,490486.60276031494,524439.2677688599,11774.63082377116,52888.245445251465,51088.72690327962,109728.94564819336,147995.02427927652,NA,0,3971,8580,2163,1519,1693,57,185,178,362,463,NA,3393
2025,grads_22_27,1275209.4542312622,2649228.529863993,709904.9168675741,448667.1035970052,581024.9436950684,13081.762446085611,75355.27777608235,51825.490061442055,100284.56118011475,143864.8816833496,0,0,4000,8618,2299,1471,1854,60,234,161,332,472,1,3177
2026,grads_22_27,1283051.6516057795,2600680.477109042,771705.1396401145,489431.2502163974,609207.2391246449,9835.214139071377,76720.67175292969,50837.66412076083,126633.5634321733,166330.7584700151,0,0,3397,6921,2031,1287,1588,48,191,158,319,441,1,2652
1979,grads_22_27,NA,NA,NA,NA,NA,NA,NA,NA,NA,NA,NA,766893.4045251211,NA,NA,NA,NA,NA,NA,NA,NA,NA,NA,NA,7214
1980,grads_22_27,NA,NA,NA,NA,NA,NA,NA,NA,NA,NA,NA,3024021.035205841,NA,NA,NA,NA,NA,NA,NA,NA,NA,NA,NA,29477
1981,grads_22_27,NA,NA,NA,NA,NA,NA,NA,NA,NA,NA,NA,3048432.2238747277,NA,NA,NA,NA,NA,NA,NA,NA,NA,NA,NA,32423
1982,grads_22_27,NA,NA,NA,NA,NA,NA,NA,NA,NA,NA,NA,3052811.4735711417,NA,NA,NA,NA,NA,NA,NA,NA,NA,NA,NA,28667
1983,grads_22_27,NA,NA,NA,NA,NA,NA,NA,NA,NA,NA,NA,3112397.89412117,NA,NA,NA,NA,NA,NA,NA,NA,NA,NA,NA,28904
1984,grads_22_27,NA,NA,NA,NA,NA,NA,NA,NA,NA,NA,NA,3303188.6056944528,NA,NA,NA,NA,NA,NA,NA,NA,NA,NA,NA,29523
1985,grads_22_27,NA,NA,NA,NA,NA,NA,NA,NA,NA,NA,NA,3373658.31074969,NA,NA,NA,NA,NA,NA,NA,NA,NA,NA,NA,29270
1986,grads_22_27,NA,NA,NA,NA,NA,NA,NA,NA,NA,NA,NA,3489245.763572057,NA,NA,NA,NA,NA,NA,NA,NA,NA,NA,NA,30085
1987,grads_22_27,NA,NA,NA,NA,NA,NA,NA,NA,NA,NA,NA,3452198.0475826263,NA,NA,NA,NA,NA,NA,NA,NA,NA,NA,NA,29111
1988,grads_22_27,NA,NA,NA,NA,NA,NA,NA,NA,NA,NA,NA,3528201.088535309,NA,NA,NA,NA,NA,NA,NA,NA,NA,NA,NA,28773
1989,grads_22_27,NA,NA,NA,NA,NA,NA,NA,NA,NA,NA,NA,3501800.3001696267,NA,NA,NA,NA,NA,NA,NA,NA,NA,NA,NA,25769
1990,grads_22_27,NA,NA,NA,NA,NA,NA,NA,NA,NA,NA,NA,3489148.5867500305,NA,NA,NA,NA,NA,NA,NA,NA,NA,NA,NA,26563
1991,grads_22_27,NA,NA,NA,NA,NA,NA,NA,NA,NA,NA,NA,3416666.961092631,NA,NA,NA,NA,NA,NA,NA,NA,NA,NA,NA,26963
1992,grads_22_27,NA,NA,NA,NA,NA,NA,NA,NA,NA,NA,NA,3397261.506670634,NA,NA,NA,NA,NA,NA,NA,NA,NA,NA,NA,26845
1993,grads_22_27,NA,NA,NA,NA,NA,NA,NA,NA,NA,NA,NA,3394694.755517324,NA,NA,NA,NA,NA,NA,NA,NA,NA,NA,NA,26651
1994,grads_22_27,NA,NA,NA,NA,NA,NA,NA,NA,NA,NA,NA,3523590.545378367,NA,NA,NA,NA,NA,NA,NA,NA,NA,NA,NA,26555
1995,grads_22_27,NA,NA,NA,NA,NA,NA,NA,NA,NA,NA,NA,3688760.6518414817,NA,NA,NA,NA,NA,NA,NA,NA,NA,NA,NA,26903
1996,grads_22_27,NA,NA,NA,NA,NA,NA,NA,NA,NA,NA,NA,3683399.11514918,NA,NA,NA,NA,NA,NA,NA,NA,NA,NA,NA,25479
1997,grads_22_27,NA,NA,NA,NA,NA,NA,NA,NA,NA,NA,NA,3739691.365890503,NA,NA,NA,NA,NA,NA,NA,NA,NA,NA,NA,23249
1998,grads_22_27,NA,NA,NA,NA,NA,NA,NA,NA,NA,NA,NA,3671692.088845571,NA,NA,NA,NA,NA,NA,NA,NA,NA,NA,NA,22395
1999,grads_22_27,NA,NA,NA,NA,NA,NA,NA,NA,NA,NA,NA,3538047.7344519296,NA,NA,NA,NA,NA,NA,NA,NA,NA,NA,NA,21534
2000,grads_22_27,NA,NA,NA,NA,NA,NA,NA,NA,NA,NA,NA,3621881.794130961,NA,NA,NA,NA,NA,NA,NA,NA,NA,NA,NA,21573
2001,grads_22_27,NA,NA,NA,NA,NA,NA,NA,NA,NA,NA,NA,3791504.3884627023,NA,NA,NA,NA,NA,NA,NA,NA,NA,NA,NA,21818
2002,grads_22_27,NA,NA,NA,NA,NA,NA,NA,NA,NA,NA,NA,3715212.706893921,NA,NA,NA,NA,NA,NA,NA,NA,NA,NA,NA,24239
2003,noncollege_22_27,184321.10709381104,323664.1807975769,735674.016755422,385844.60440190637,538877.2346458435,29347.483885447182,280290.5439014435,146704.58208974203,261045.19755617777,251753.50782140097,0,9449648.733146667,1062,1896,4513,2392,3202,186,1740,831,1531,1478,16,75175
2004,noncollege_22_27,734764.099228541,1231189.9552408853,2984031.1131191254,1612935.909936269,2123962.7576986947,134878.21405792236,1253378.9789625804,578349.6350835165,1040418.6173960367,962797.2531051636,0,0,4175,6916,17783,9517,12229,864,7088,3286,5835,5553,61,19792
2005,noncollege_22_27,758091.4618186951,1152140.6987756093,3143547.3714440665,1704372.8873710632,2169945.2240079246,143214.5321712494,1344959.8933677673,571880.34145991,1003532.7193314234,1015801.9307200114,0,0,4071,6452,18236,9504,11954,875,7513,3177,5643,5578,68,19919
2006,noncollege_22_27,732339.4802398682,1196430.736922582,3183387.363354365,1711443.146221161,2212292.000760714,147824.08315149942,1459674.5627797444,622084.8063761394,1008265.6139907837,1003932.707979838,0,0,4015,6622,18288,9582,12096,912,8182,3417,5530,5516,63,19615
2007,noncollege_22_27,744680.6635246277,1232277.8376223247,3312567.04086558,1709678.0334396362,2147183.1186383567,147952.01625188193,1490353.1793581643,579737.8298314413,1002569.3237342834,1035675.656656901,0,0,3971,6656,18406,9253,11302,887,8295,3038,5336,5448,56,19230
2008,noncollege_22_27,762027.7256355286,1190776.003218333,3349243.362625122,1696896.9126993816,2139291.9258359275,138550.56519063312,1461553.2221501668,575737.0265464783,1067622.643137614,991986.6191151937,0,0,3995,6216,18261,9211,11192,829,7797,2973,5709,5137,50,19188
2009,noncollege_22_27,764285.0953890482,1217643.4139378865,3405507.545903524,1615648.5069859822,2016836.8930091858,122870.28901926675,1190878.8443311055,575658.867565155,921950.3863360087,977804.9814071655,0,0,3941,6401,18415,8646,10768,790,7104,2980,5134,5274,56,19501
2010,noncollege_22_27,654188.9940821329,1177931.7507222493,3365158.382698059,1578836.1258735657,1880744.3939679463,120360.05513381958,938148.2391688029,547598.9686813354,757041.4519449869,833464.046991984,0,0,3525,6302,19068,8895,10494,798,6142,3061,4665,4824,73,20736
2011,noncollege_22_27,625349.8490626017,1113863.3485094707,3361767.1271629333,1676599.12174352,1864417.4351793926,142317.8413594564,871008.195409139,533443.0164235433,868886.8907610575,852545.2311782837,0,0,3383,6025,19234,9325,10219,952,5557,2918,4989,4904,76,21169
2012,noncollege_22_27,629939.3246943156,1111003.9579175313,3451401.7393226624,1647469.0511512756,1753111.780784607,139737.25850423178,889125.7914835612,566862.151426951,881931.6624603271,911847.029964447,0,0,3203,5721,18851,8797,9518,855,4964,2827,4650,4879,104,21473
2013,noncollege_22_27,644585.7829348246,1178826.5798835754,3565234.571422577,1731019.0857429504,1790955.0522117615,138550.73386764526,803328.8408851624,552229.6117808024,877107.2125256857,926240.5424982706,0,0,3268,5948,18799,8813,9078,860,4455,2799,4596,4950,95,20642
2014,noncollege_22_27,662581.0137939453,1170680.5131263733,3717910.382996877,1765725.1077079773,1807914.6612332663,137226.51190948486,826767.6462097168,507979.89766438806,940700.624507904,999341.2045873007,0,0,3257,5676,18735,8738,8819,782,4353,2560,4627,4979,73,21257
2015,noncollege_22_27,704951.6372782389,1210170.3602320354,3655957.6906064353,1767542.5130284627,1838635.6380182903,134646.10109202066,860740.6551361084,546163.3126818339,960256.7512613932,997191.2208652496,0,0,3452,5903,18547,8700,8926,794,4764,2639,4812,4957,49,21070
2016,noncollege_22_27,756952.0683797201,1262690.1740951538,3588457.977540334,1732393.7984390259,1852531.0100593567,138764.58420308432,834285.4187024435,571086.5358899435,974875.9483642578,1040736.9162851969,0,0,3539,5975,17407,8173,8782,798,4387,2727,4678,4916,38,20622
2017,noncollege_22_27,781018.191415151,1286613.4026374817,3770851.104118347,1690447.8139546711,1842293.3837661743,147372.45158894858,879409.7399024963,549123.3230361938,1036398.8004480997,1079962.973739624,0,0,3559,5992,17785,7814,8633,835,4394,2547,4799,4933,38,20099
2018,noncollege_22_27,773912.9951210022,1339090.9187164307,3666120.476252238,1644733.5190912883,1932312.0177904766,138520.9348449707,932277.4962615967,534056.6284510294,986783.9062856039,1114970.2824452717,0,0,3379,5822,16448,7154,8370,800,4242,2426,4430,4839,25,18468
2019,noncollege_22_27,756287.119257609,1331451.7750295002,3551961.6272214255,1551603.5889231365,1893432.1813557942,138743.52198028564,939539.5472679138,536978.2982126871,959289.18017578125,1154924.2425486248,0,0,3095,5570,15169,6553,7731,721,4138,2308,4099,4724,23,17070
2020,noncollege_22_27,760831.9073613485,1260259.2401097615,3488292.5147628784,1540481.251391093,1759571.2153256733,137999.57108052573,962943.0058314005,577232.8376185099,935883.2650705973,1268899.379436493,0,0,3017,5085,14032,6137,6817,639,3997,2320,3850,4878,17,14989
2021,noncollege_22_27,714659.710436503,1121188.1361440022,2587061.64012146,1332777.4499994915,1379202.8562749226,100216.07895151773,918328.2799199423,453908.60855611163,792159.3961919149,1249118.7484588623,0,0,2648,4165,10723,5009,4963,443,3461,1774,3164,4747,16,14103
2022,noncollege_22_27,827588.7902933756,1169597.425239563,3038179.014905294,1333759.214536031,1577171.8688201904,109097.78852589926,941935.4523493449,524397.6620381674,859626.1158854167,1382866.963104248,0,0,2890,4264,11077,4800,5403,486,3533,1988,3273,5064,17,13803
2023,noncollege_22_27,815995.9935887655,1298447.5062395732,3104270.2750816345,1334520.7336654663,1478159.0201644897,88259.70816294351,995977.9695409139,541010.5615997314,924863.2669499716,1422284.1740544636,0,0,2851,4447,10636,4562,4897,399,3730,1902,3196,4840,10,12690
2024,noncollege_22_27,845063.0353190104,1332544.9107844036,3214103.4860839844,1266957.7000783284,1534501.8168818157,111013.93176778157,1109520.3655268352,577320.31661733,931418.2957814535,1412423.309967041,0,0,2902,4436,10564,4210,4935,416,3857,1989,3170,4608,23,12528
2025,noncollege_22_27,817604.4917119344,1306433.3915023804,3130717.3470687866,1293383.7203420002,1398777.0550638835,112582.43060302734,1035596.5444234213,589271.1252212524,835102.4019521078,1418676.0062739055,0,0,2782,4323,10615,4441,4512,426,3716,2041,2856,4926,7,12644
2026,noncollege_22_27,785436.7037575461,1300438.1073941318,3243375.90082342,1383514.623046875,1425662.9230637983,74932.05645751953,1053471.9991677024,593983.4146894976,888136.9596266312,1374780.9995755283,0,0,2147,3554,9207,3866,3799,289,3076,1710,2515,3875,15,10777
1979,noncollege_22_27,NA,NA,NA,NA,NA,NA,NA,NA,NA,NA,NA,3167199.3297815323,NA,NA,NA,NA,NA,NA,NA,NA,NA,NA,NA,36824
1980,noncollege_22_27,NA,NA,NA,NA,NA,NA,NA,NA,NA,NA,NA,13344561.14153544,NA,NA,NA,NA,NA,NA,NA,NA,NA,NA,NA,154712
1981,noncollege_22_27,NA,NA,NA,NA,NA,NA,NA,NA,NA,NA,NA,13714969.744091988,NA,NA,NA,NA,NA,NA,NA,NA,NA,NA,NA,178275
1982,noncollege_22_27,NA,NA,NA,NA,NA,NA,NA,NA,NA,NA,NA,13935244.343134562,NA,NA,NA,NA,NA,NA,NA,NA,NA,NA,NA,161659
1983,noncollege_22_27,NA,NA,NA,NA,NA,NA,NA,NA,NA,NA,NA,13771720.895560741,NA,NA,NA,NA,NA,NA,NA,NA,NA,NA,NA,158937
1984,noncollege_22_27,NA,NA,NA,NA,NA,NA,NA,NA,NA,NA,NA,14161735.778687796,NA,NA,NA,NA,NA,NA,NA,NA,NA,NA,NA,156114
1985,noncollege_22_27,NA,NA,NA,NA,NA,NA,NA,NA,NA,NA,NA,14575656.532098452,NA,NA,NA,NA,NA,NA,NA,NA,NA,NA,NA,153029
1986,noncollege_22_27,NA,NA,NA,NA,NA,NA,NA,NA,NA,NA,NA,14636051.805743536,NA,NA,NA,NA,NA,NA,NA,NA,NA,NA,NA,150046
1987,noncollege_22_27,NA,NA,NA,NA,NA,NA,NA,NA,NA,NA,NA,14845642.089743933,NA,NA,NA,NA,NA,NA,NA,NA,NA,NA,NA,145400
1988,noncollege_22_27,NA,NA,NA,NA,NA,NA,NA,NA,NA,NA,NA,14609828.680556616,NA,NA,NA,NA,NA,NA,NA,NA,NA,NA,NA,137728
1989,noncollege_22_27,NA,NA,NA,NA,NA,NA,NA,NA,NA,NA,NA,14391924.65600268,NA,NA,NA,NA,NA,NA,NA,NA,NA,NA,NA,124619
1990,noncollege_22_27,NA,NA,NA,NA,NA,NA,NA,NA,NA,NA,NA,14131472.29200109,NA,NA,NA,NA,NA,NA,NA,NA,NA,NA,NA,126341
1991,noncollege_22_27,NA,NA,NA,NA,NA,NA,NA,NA,NA,NA,NA,14002363.006869635,NA,NA,NA,NA,NA,NA,NA,NA,NA,NA,NA,126058
1992,noncollege_22_27,NA,NA,NA,NA,NA,NA,NA,NA,NA,NA,NA,13267650.556762695,NA,NA,NA,NA,NA,NA,NA,NA,NA,NA,NA,120401
1993,noncollege_22_27,NA,NA,NA,NA,NA,NA,NA,NA,NA,NA,NA,13165101.910518011,NA,NA,NA,NA,NA,NA,NA,NA,NA,NA,NA,116823
1994,noncollege_22_27,NA,NA,NA,NA,NA,NA,NA,NA,NA,NA,NA,13112411.284257254,NA,NA,NA,NA,NA,NA,NA,NA,NA,NA,NA,111870
1995,noncollege_22_27,NA,NA,NA,NA,NA,NA,NA,NA,NA,NA,NA,12916066.294660887,NA,NA,NA,NA,NA,NA,NA,NA,NA,NA,NA,105338
1996,noncollege_22_27,NA,NA,NA,NA,NA,NA,NA,NA,NA,NA,NA,12773531.797500292,NA,NA,NA,NA,NA,NA,NA,NA,NA,NA,NA,96688
1997,noncollege_22_27,NA,NA,NA,NA,NA,NA,NA,NA,NA,NA,NA,12589808.143198648,NA,NA,NA,NA,NA,NA,NA,NA,NA,NA,NA,87564
1998,noncollege_22_27,NA,NA,NA,NA,NA,NA,NA,NA,NA,NA,NA,12601874.158157984,NA,NA,NA,NA,NA,NA,NA,NA,NA,NA,NA,85119
1999,noncollege_22_27,NA,NA,NA,NA,NA,NA,NA,NA,NA,NA,NA,12436607.179358164,NA,NA,NA,NA,NA,NA,NA,NA,NA,NA,NA,82129
2000,noncollege_22_27,NA,NA,NA,NA,NA,NA,NA,NA,NA,NA,NA,12408511.579608917,NA,NA,NA,NA,NA,NA,NA,NA,NA,NA,NA,81257
2001,noncollege_22_27,NA,NA,NA,NA,NA,NA,NA,NA,NA,NA,NA,12578447.79010582,NA,NA,NA,NA,NA,NA,NA,NA,NA,NA,NA,80785
2002,noncollege_22_27,NA,NA,NA,NA,NA,NA,NA,NA,NA,NA,NA,12504021.767918268,NA,NA,NA,NA,NA,NA,NA,NA,NA,NA,NA,89430
