"date","epop","unemp","employment","labor_force","idled","population"
1979-11-01,0.721858802799447,0.0812635035497964,13106005.0419377,14265249.1683703,0,18155912.1965559
1979-12-01,0.721636884987756,0.0814810611285108,13114715.7394056,14278111.4078264,0,18173566.2522685
1980-01-01,0.721334014626934,0.0828467766924952,13187042.8604364,14378233.1297712,0,18281465.4418545
1980-02-01,0.7209253066785,0.0836290271118971,13267052.4325883,14477818.2909644,0,18402811.3726694
1980-03-01,0.720575017731557,0.0843660594364002,13344561.1415354,14574122.4198411,0,18519322.5037769
1980-04-01,0.718715308212995,0.0870213214265026,13387558.5881875,14663604.859979,0,18627067.5401004
1980-05-01,0.716778210861782,0.0900051159509027,13432268.6579997,14760817.7732073,0,18739783.7356831
1980-06-01,0.714165945862679,0.0933548081044988,13459362.2705345,14845236.4727103,0,18846267.241539
1980-07-01,0.71142077304068,0.0965987077165664,13487305.1563848,14929472.9502703,0,18958267.2695074
1980-08-01,0.709142569635659,0.0994572716556592,13515544.1440783,15008220.8413661,0,19058994.2316144
1980-09-01,0.706095410899753,0.102538210846556,13540900.8330765,15087997.056509,0,19177154.5658706
1980-10-01,0.703696530404892,0.105748358002402,13579387.0746549,15185196.6906328,0,19297220.4464922
1980-11-01,0.701780667864129,0.108067770729012,13620162.424907,15270400.5729666,0,19408004.592603
1980-12-01,0.699984922484251,0.110087353230628,13668520.3714272,15359395.5778106,0,19526878.2689169
1981-01-01,0.698555494187338,0.111952289405179,13681696.3503262,15406487.9477727,0,19585697.1481454
1981-02-01,0.696933913352624,0.113685669948112,13688146.2971601,15443895.9554663,0,19640522.6304928
1981-03-01,0.69621233857272,0.114785296465099,13714969.744092,15493382.2148733,0,19699406.3222272
1981-04-01,0.696447549944522,0.114532371272882,13756262.0272195,15535589.9876254,0,19752043.1054934
1981-05-01,0.696780237630829,0.114438656291775,13794957.5821927,15577642.0009791,0,19798147.0156185
1981-06-01,0.697837826914684,0.113627478380691,13847359.7780972,15622505.7076448,0,19843234.6943986
1981-07-01,0.699157071186321,0.11244400294189,13900899.528079,15661997.1857042,0,19882369.9293954
1981-08-01,0.699532569941939,0.11168881839675,13929525.0672681,15680907.0467037,0,19912618.3194361
1981-09-01,0.699588235979155,0.111377999574566,13939349.2489513,15686477.7625106,0,19925076.6837746
1981-10-01,0.699542871456084,0.111066220122105,13952936.2292525,15696260.5596663,0,19945791.4569407
1981-11-01,0.699117786858326,0.112186268299117,13958431.7334388,15722252.5796003,0,19965779.7238499
1981-12-01,0.698109746237741,0.113733499152549,13957021.831583,15748109.4210796,0,19992589.8568246
1982-01-01,0.696967293148193,0.115099152631068,13958700.9131851,15774310.7091471,0,20027770.3852269
1982-02-01,0.695782205921799,0.116837437852217,13953464.1371517,15799428.9332396,0,20054356.1166035
1982-03-01,0.694103187150477,0.11928229027104,13935244.3431346,15822600.3510513,0,20076617.7149299
1982-04-01,0.692251451876421,0.121795708824057,13914656.5393327,15844441.5259012,0,20100581.2289964
1982-05-01,0.690780294166794,0.123749143244562,13905585.1972812,15869411.2423131,0,20130257.4996785
1982-06-01,0.689052287613277,0.126211965313573,13887730.4273628,15893706.340745,0,20154828.1270014
1982-07-01,0.686611225909703,0.129376860596432,13861646.1659066,15921522.8019355,0,20188493.3464947
1982-08-01,0.685403115762521,0.131941508350081,13864651.7957722,15972024.8452609,0,20228463.3333591
1982-09-01,0.684136787665539,0.134092415141304,13862991.256835,16009781.5277796,0,20263478.7469028
1982-10-01,0.682429738081136,0.136797862065058,13860340.7177871,16056888.7734054,0,20310282.4281365
1982-11-01,0.680603890093953,0.139383856352972,13850126.1544181,16093267.8949358,0,20349760.4935908
1982-12-01,0.679293502446689,0.141931675896378,13844153.7341329,16134092.5253186,0,20380223.9889957
1983-01-01,0.677502198660504,0.144478858759833,13816629.0401263,16149956.2945898,0,20393482.216653
1983-02-01,0.675893479318409,0.14710772545632,13795206.795774,16174618.0702068,0,20410326.801326
1983-03-01,0.674288909443704,0.149067119283214,13771720.8955607,16184262.2463479,0,20424065.5640066
1983-04-01,0.673195506726225,0.150201542412857,13758204.7464824,16189962.0123417,0,20437160.6896027
1983-05-01,0.672159420368779,0.151470772317993,13742685.9152611,16195889.8608632,0,20445575.1103231
1983-06-01,0.672072491289015,0.151853775994797,13747888.8072518,16209337.9869453,0,20455961.2027621
1983-07-01,0.673156641751775,0.150737010262961,13769928.8349557,16213974.9422253,0,20455757.2203727
1983-08-01,0.673411191152852,0.150284488626097,13777656.6716269,16214434.6986791,0,20459500.6032497
1983-09-01,0.674583454825254,0.149081945078451,13806194.6019718,16225057.7739177,0,20466251.4374121
1983-10-01,0.675916799432849,0.147201639663839,13831080.593335,16218465.2745849,0,20462696.8954469
1983-11-01,0.678254031802853,0.144200541944644,13881534.9934689,16220546.6044722,0,20466572.0254854
1983-12-01,0.680839511908802,0.140484891755408,13938711.2660338,16216947.3605893,0,20472829.5321099
1984-01-01,0.684344804357545,0.13633009959245,14025185.4107978,16239057.7744802,0.0107799197369321,20494325.8449437
1984-02-01,0.687372100216157,0.132174918652481,14092258.4005753,16238593.1260405,0.0215261347096424,20501644.4457722
1984-03-01,0.690117472795917,0.128465733139156,14161735.7786878,16249201.3420156,0.0316844599904523,20520761.0833464
1984-04-01,0.69262893195123,0.125366366166429,14221775.3292754,16260265.7605797,0.0419161921687316,20533036.7722451
1984-05-01,0.695730733183547,0.121898294206886,14276315.3906927,16258156.9953769,0.0517601361252416,20519886.0849034
1984-06-01,0.698748524513789,0.118625464656343,14323306.4065097,16251100.7887526,0.0620755222867827,20498513.9918203
1984-07-01,0.701014655246325,0.116702442485996,14353292.0132278,16249667.95292,0.0721528059878529,20475024.1750428
1984-08-01,0.703139754923878,0.11452360973985,14392972.6685623,16254496.2540827,0.0826652391750918,20469576.0235039
1984-09-01,0.70459113381514,0.112448490192788,14423623.0933612,16251026.485769,0.0918062999755513,20470911.995815
1984-10-01,0.706845852530146,0.110176825970776,14481778.2743082,16274894.4925013,0.101235274196583,20487887.4544865
1984-11-01,0.708580760150165,0.108738825764255,14522957.6700633,16294839.3690735,0.110199546238347,20495839.6936795
1984-12-01,0.710221135306472,0.107323911615042,14564296.02272,16315319.9824921,0.11963058785973,20506706.0084537
1985-01-01,0.711618372119583,0.10639625561145,14571348.1246354,16306274.6951736,0.118634723531964,20476351.7856264
1985-02-01,0.712680818206091,0.105540986729753,14573588.7232157,16293187.8453916,0.117780749207697,20448970.0731659
1985-03-01,0.71416683229658,0.10434224679702,14575656.5320985,16273689.8999357,0.117213327169617,20409315.9650482
1985-04-01,0.71565370398079,0.103297265140556,14576409.1299782,16255564.4845479,0.116354873534754,20367964.3504918
1985-05-01,0.716830929872729,0.102452194618762,14587740.366347,16252884.0011489,0.116293969699892,20350322.1728128
1985-06-01,0.717407663252865,0.102358307671113,14593173.9432799,16257237.2339554,0.116337556898888,20341536.1875445
1985-07-01,0.717946112134159,0.101691844974507,14598672.2463633,16251296.5786769,0.11654511939093,20333938.7171656
1985-08-01,0.71850525015385,0.101197712739204,14595230.5907288,16238532.9872818,0.116588093706528,20313324.9027805
1985-09-01,0.719513234765744,0.101125586756779,14592296.3240846,16233965.6231111,0.116806589116631,20280789.3156204
1985-10-01,0.720304101181471,0.100835519022127,14579804.887605,16214836.3242162,0.116526250853424,20241179.8901196
1985-11-01,0.720967745931722,0.100745044579371,14575878.8078105,16208839.0171757,0.116815527183955,20217102.4849021
1985-12-01,0.722153178072392,0.100339481852998,14574093.1130225,16199547.2948399,0.116495478772627,20181442.8788147
1986-01-01,0.722998327157556,0.0992348508528668,14597376.8523769,16205530.2274939,0.116629144749038,20190056.1924756
1986-02-01,0.723986770317957,0.0988604910203037,14621107.9881808,16225132.5599244,0.116620484944938,20195269.5651601
1986-03-01,0.724804965558804,0.09866382124334,14636051.8057435,16238171.8949006,0.116966873006278,20193089.8672301
1986-04-01,0.725208580166468,0.098504672212686,14652331.4643904,16253363.7310734,0.117070291955771,20204299.6526972
1986-05-01,0.724973113170956,0.098899885248275,14649825.8847485,16257711.706967,0.117040349605268,20207405.7900874
1986-06-01,0.725172659351203,0.0989893635368242,14662217.3041312,16273079.0412045,0.116550164289004,20218932.8500735
1986-07-01,0.725691679493303,0.0988887899639877,14694753.3850428,16307369.4138769,0.115676732415944,20249306.6963412
1986-08-01,0.726640662084083,0.0984727209839236,14736846.3636888,16346534.0502758,0.114815202655433,20280789.5740681
1986-09-01,0.727146293867449,0.0981825943444392,14778136.0239525,16387060.0980581,0.114265803448821,20323470.1855558
1986-10-01,0.727587881764867,0.0981201671576216,14802824.7992821,16413300.5975189,0.113668102428594,20345067.819678
1986-11-01,0.728486488962656,0.0978288290013507,14815143.4754664,16421654.7277463,0.113180323930213,20336881.6030655
1986-12-01,0.729095397668951,0.0979135292463464,14822845.2910105,16431734.3975093,0.112997845049013,20330460.6480878
1987-01-01,0.729602177159505,0.0985702116355028,14819538.7093716,16440036.5959276,0.112300343070948,20311807.1372363
1987-02-01,0.730784815611178,0.0980641065153602,14830220.5479361,16442654.7995993,0.111618096692798,20293553.2199491
1987-03-01,0.731838266554105,0.0972769312663259,14845642.0897439,16445400.1497593,0.110780754280246,20285413.8246218
1987-04-01,0.732755982396668,0.0963633029934994,14852903.9800078,16436809.2057476,0.110377118177243,20269918.4132589
1987-05-01,0.734032492254833,0.0955047947894028,14858909.5070515,16427847.733689,0.109281613677807,20242849.8245455
1987-06-01,0.734985685379788,0.0942682097074529,14848314.528595,16393721.2845306,0.108583533333966,20202181.9253833
1987-07-01,0.735808703944739,0.0930918896304801,14830344.8126049,16352643.275582,0.108515795499291,20155163.6085548
1987-08-01,0.736888016855982,0.091693336445933,14800104.1365674,16294171.044234,0.107998878039237,20084604.1705411
1987-09-01,0.738042484466721,0.0902952862352117,14765100.071373,16230651.3838628,0.10747526468188,20005758.9937274
1987-10-01,0.739173851426521,0.0887149067419693,14744211.7199148,16179581.8114408,0.107174511088268,19946879.4674759
1987-11-01,0.739741044214561,0.0873663381961773,14717069.8536402,16125933.6243986,0.10673252089134,19894894.2589315
1987-12-01,0.740225090250031,0.0862336779646508,14690519.4953054,16076888.7417336,0.106133498633496,19846016.6897926
1988-01-01,0.741156765575468,0.0849141142331614,14662590.6540508,16023185.2355188,0.105883453796515,19783386.369908
1988-02-01,0.742365231869417,0.0832735030457193,14641576.4798171,15971586.4311352,0.105608003093867,19722874.7404385
1988-03-01,0.742772560499685,0.0821125323535887,14609828.6805566,15916797.2061087,0.105556557804559,19669316.635402
1988-04-01,0.743566584967967,0.0815632426135407,14589335.8453808,15884965.108427,0.105442171594928,19620752.3849519
1988-05-01,0.744176194710955,0.0806545810039173,14578296.1674048,15857256.5503445,0.105624846238248,19589844.8123124
1988-06-01,0.744813482745824,0.0799911568019959,14572865.1823381,15839918.5943495,0.10513928403984,19565791.3288759
1988-07-01,0.745576130455755,0.0795089889778677,14556684.9236164,15814043.5368862,0.104398487600644,19524075.8508701
1988-08-01,0.745733520617666,0.0793128646333457,14542069.7225564,15794800.6048387,0.103739470322694,19500356.7903341
1988-09-01,0.74614359546234,0.0789971399405201,14535108.7827994,15781828.0627931,0.103319634188154,19480310.3198827
1988-10-01,0.746236771124252,0.0789528124905383,14511890.3355363,15755859.7782345,0.103174051236558,19446763.9455414
1988-11-01,0.746142800521606,0.0791993176732087,14497031.2449462,15743940.5977777,0.102985798435528,19429298.5669924
1988-12-01,0.746350024542494,0.0789292291981741,14476325.0902475,15716843.4274006,0.102894179164138,19396160.8015238
1989-01-01,0.746236790181864,0.0788335050484665,14446659.9430154,15683006.2992853,0.102734971147254,19359350.9903132
1989-02-01,0.746161963858335,0.0786226638586752,14415661.5173982,15645773.9429213,0.102404889987253,19319748.5474281
1989-03-01,0.746606702692793,0.0782259515845559,14391924.6560027,15613289.0492446,0.101889014602989,19276447.1630046
1989-04-01,0.747452495043728,0.0775576575886492,14381437.8827521,15590608.9969349,0.101182323910939,19240604.5576324
1989-05-01,0.747661269930958,0.0770671803276668,14362640.0917123,15561956.1744607,0.100244110765811,19210089.7416267
1989-06-01,0.747758988969175,0.077210683735813,14348079.7189528,15548597.5683371,0.0998939189507188,19188107.3054466
1989-07-01,0.747698396439912,0.0776463942066608,14320503.6439114,15526045.0590356,0.0999515699909989,19152781.0038071
1989-08-01,0.74809252610503,0.0772549273164017,14288898.4864127,15485207.0299943,0.0999190907070012,19100442.7765217
1989-09-01,0.747776210688038,0.0772739727103586,14237605.5686042,15429938.191323,0.100270405654182,19039928.4774036
1989-10-01,0.748057748421493,0.0770334234433418,14200178.3037828,15385365.6941293,0.100283000241258,18982730.0549285
1989-11-01,0.748655450282278,0.0761909897773225,14151203.1113262,15318321.1624177,0.10007801445448,18902157.3355147
1989-12-01,0.74784735412417,0.0759837544810823,14093074.2647826,15251976.7191626,0.100552273881568,18844854.0829398
1990-01-01,0.747653512113624,0.0755350920747288,14107647.7143517,15260338.8115756,0.101051151627853,18869232.1854668
1990-02-01,0.747521140161519,0.0756771676850747,14125089.0720825,15281553.7799784,0.101096721823347,18895905.8322156
1990-03-01,0.747495193190785,0.0759290634993295,14131472.2920011,15292627.1499405,0.101232073224798,18905101.224369
1990-04-01,0.746703204321292,0.076464031066538,14121902.2229983,15291123.1376368,0.101755727080352,18912336.4427427
1990-05-01,0.747023103743258,0.0764987352654878,14128214.9000346,15298533.3529523,0.102027441307815,18912688.0135829
1990-06-01,0.747046209740977,0.0760646472195118,14140028.8378525,15304132.2591451,0.102970059881511,18927917.2472547
1990-07-01,0.746030769840062,0.0758973489157709,14134385.0656281,15295254.3194682,0.103397366185515,18946115.4111087
1990-08-01,0.744655863561387,0.0764605594413937,14139246.6866862,15309846.0831668,0.103722492322116,18987625.5308914
1990-09-01,0.744060946107234,0.0769403719719837,14164740.0406418,15345422.5605151,0.103642076207669,19037069.630853
1990-10-01,0.743200906957681,0.0774108892920455,14173194.93168,15362412.9823125,0.103533118425556,19070475.8282636
1990-11-01,0.742272189497778,0.077957352408826,14182353.1846994,15381450.3285185,0.103505917265112,19106674.5937163
1990-12-01,0.7416651734742,0.0788695628113131,14191946.687006,15407097.750803,0.10314982623691,19135247.5410519
1991-01-01,0.740327778253103,0.0800249549165631,14134419.3312308,15363916.0179056,0.103376821063816,19092109.9361998
1991-02-01,0.738357167068937,0.0813832325822473,14062420.1961765,15308255.5151984,0.104056561344515,19045552.5094992
1991-03-01,0.735979465399749,0.0834646400133312,14002363.0068696,15277493.5023492,0.104977288212506,19025480.5536785
1991-04-01,0.734299043945527,0.0848888434557025,13935685.4221007,15228407.3059775,0.105637293541328,18978215.3973967
1991-05-01,0.731640827581106,0.0869645185976547,13844137.3833319,15162759.4604193,0.106789697948427,18922040.5169328
1991-06-01,0.729417225104868,0.0888535297012577,13747146.158275,15087745.6110516,0.107444566337233,18846752.8392938
1991-07-01,0.728161963334694,0.0903611537816909,13677887.7074807,15036613.4475727,0.107929830543833,18784128.2519639
1991-08-01,0.727126040935384,0.0917911021228836,13613574.0365798,14989474.4132112,0.10887103984821,18722440.4988537
1991-09-01,0.725532316418787,0.0931399961507152,13536158.3792833,14926403.5483176,0.109766613397335,18656864.8604069
1991-10-01,0.72354801554234,0.0950172401331422,13477178.0223789,14892193.1113491,0.110560228355551,18626515.0796897
1991-11-01,0.721568016638824,0.0966365398069152,13416042.8875809,14851212.694294,0.111622374213065,18592901.2625516
1991-12-01,0.720472476097827,0.0978812966231333,13366668.0961939,14816972.5848262,0.112490367319,18552642.2446969
1992-01-01,0.719120869989382,0.0992785351377567,13325140.996535,14793853.0570857,0.112667021219873,18529765.3741182
1992-02-01,0.718159731933375,0.100606127804706,13294373.1202647,14781480.6518695,0.112733140702499,18511721.7369938
1992-03-01,0.717561508132988,0.101100911793383,13267650.5567627,14759888.7693087,0.112770161927534,18489913.97446
1992-04-01,0.716546733200664,0.102026587258956,13252248.3878568,14757951.8500493,0.113093739628199,18494604.432375
1992-05-01,0.715878540209669,0.103154471668768,13237819.1275609,14760422.7365583,0.113710412206228,18491711.071104
1992-06-01,0.715064151579339,0.104463945386577,13217505.4163933,14759322.4731738,0.114153481522204,18484363.0983321
1992-07-01,0.714866974142414,0.105267549081775,13220265.3908513,14775663.2469114,0.114570646439309,18493322.3509324
1992-08-01,0.714155376852017,0.106060012233915,13203440.0576134,14769940.0835711,0.114938342794851,18488189.6651313
1992-09-01,0.713624505876968,0.106684383432866,13186927.3188642,14761778.5632579,0.115082056686041,18478803.9231625
1992-10-01,0.713228232927421,0.106766734347414,13159839.576362,14732814.0166696,0.115320060190624,18451091.7667236
1992-11-01,0.713261357197871,0.107273036910859,13156091.9162871,14736971.6164532,0.115313445252316,18444980.6281001
1992-12-01,0.71317841979821,0.107735291045945,13156622.984457,14745201.5667858,0.115291428898127,18447870.2933547
1993-01-01,0.713339624634051,0.108110125744666,13159644.3831628,14754786.1714993,0.115552566148988,18447936.8995012
1993-02-01,0.713378469055165,0.107640133369181,13159884.5499147,14747284.1865927,0.115335746998905,18447269.045482
1993-03-01,0.714034600695041,0.106957211467363,13165101.910518,14741848.9680093,0.114801951554176,18437624.5880845
1993-04-01,0.714630382422339,0.106171284900677,13165833.6803112,14729705.4322631,0.114037224944328,18423277.2691301
1993-05-01,0.714875921964113,0.105308220257816,13168246.1123791,14718192.8017419,0.113832337417444,18420324.0139904
1993-06-01,0.715613189683788,0.104159666681278,13181367.4772065,14713969.6516844,0.113586439065342,18419682.1232866
1993-07-01,0.715558615899019,0.103752866008453,13161160.5502707,14684744.9225928,0.113756614863394,18392847.5708942
1993-08-01,0.715587931946607,0.103367588916824,13136812.5350717,14651280.0258935,0.114277748214157,18358068.8670025
1993-09-01,0.716086299995456,0.102425983714598,13136270.8546416,14635306.5221361,0.114064224087967,18344535.9235681
1993-10-01,0.717343209338502,0.101039011123643,13142873.1202354,14620070.5957921,0.114006329127269,18321596.8996976
1993-11-01,0.717818313957509,0.099627212784277,13145072.1715711,14599588.4795901,0.114139341262692,18312533.8487104
1993-12-01,0.718745423169689,0.0981957875416951,13143569.4361509,14574748.3262711,0.113630844062994,18286821.7486343
1994-01-01,0.71859558408086,0.0970014263481274,13121806.9458249,14531370.6230545,0.113656127599193,18260350.1002706
1994-02-01,0.718942570491398,0.0966709748541945,13112958.6885452,14516259.6612333,0.113954168835014,18239229.7059034
1994-03-01,0.719818514770844,0.096122919261737,13112411.2842573,14506852.274147,0.113935603006355,18216273.9846052
1994-04-01,0.71997413907742,0.095567274358806,13102803.5972087,14487316.9952132,0.114058690280854,18198991.9999053
1994-05-01,0.720252487097503,0.0946508113327152,13082024.2574921,14449700.094998,0.113297375383563,18163108.7595552
1994-06-01,0.720189585460066,0.0940773165664215,13052493.9740346,14407955.7921696,0.113078687626043,18123691.6466885
1994-07-01,0.720412375767548,0.0932526172922011,13024348.2346554,14363811.2257474,0.112755097983047,18079017.8969078
1994-08-01,0.72150266281267,0.0919135688621039,13009503.6257693,14326283.4678275,0.111787033920854,18031123.509723
1994-09-01,0.721605457803789,0.0912753227255847,12976085.6516387,14279446.7633018,0.111433817169196,17982244.3293756
1994-10-01,0.721653163695224,0.0909257356849209,12949088.8856195,14244258.5759214,0.110848276975728,17943645.9743538
1994-11-01,0.722903253480017,0.089845404207027,12931696.2758586,14208241.474177,0.11023778205169,17888557.3050143
1994-12-01,0.723510443890821,0.0883929206149678,12921896.6576691,14174853.3440374,0.109752404342545,17860000.1793741
1995-01-01,0.725355880345862,0.0867784969799829,12937164.7310222,14166513.4780982,0.10880934494716,17835610.1902056
1995-02-01,0.72673858420207,0.0844918468638428,12935045.5162023,14128815.2070433,0.108532359161597,17798759.8255905
1995-03-01,0.726807701156509,0.0833439424433626,12916066.2946609,14090417.2161245,0.108590318538309,17770954.097086
1995-04-01,0.72843507152136,0.0822955328024797,12921224.8315865,14079941.0850045,0.107795760232135,17738334.3234698
1995-05-01,0.730223177266502,0.0813209403102314,12931826.3898983,14076544.2006105,0.107201768277548,17709416.5078503
1995-06-01,0.731687004958848,0.0806446061436048,12918298.2885488,14051473.8640525,0.106592195516393,17655497.7756853
1995-07-01,0.733205556855608,0.0800968680423508,12910860.6063741,14035021.903772,0.106296173312373,17608787.1752405
1995-08-01,0.733632075432996,0.0801897116395105,12902123.0300385,14026939.24313,0.106301210190895,17586639.7641128
1995-09-01,0.734034561330784,0.0803771954635484,12896525.4864178,14023712.1380634,0.106472012497765,17569370.9340289
1995-10-01,0.7342756730908,0.0801739279497794,12903756.5797609,14028474.482137,0.106422491062123,17573449.6629105
1995-11-01,0.733609997952451,0.0803582230590787,12889751.8295943,14016057.2875131,0.106309152489403,17570305.5650419
1995-12-01,0.733199456523071,0.0806768220741645,12871895.2055575,14001491.0040655,0.106605560130421,17555789.3435952
1996-01-01,0.732813274773567,0.0813210785626877,12837562.0705067,13973937.760999,0.106448211983986,17518189.8478483
1996-02-01,0.732527369219961,0.0830196079125595,12802098.1514753,13961147.1106075,0.105902652939874,17476614.1026344
1996-03-01,0.733079470133556,0.0836809255823672,12773531.7975003,13940047.9092051,0.105277914687361,17424484.4084546
1996-04-01,0.732815412312978,0.084218606583708,12722805.7079217,13892841.4569111,0.104781871558381,17361542.203056
1996-05-01,0.732181228434349,0.0847948939625886,12689013.2612324,13864666.1579199,0.104978836909175,17330426.9058711
1996-06-01,0.73216944996178,0.084206292695205,12681258.155009,13847286.844032,0.104711226491758,17320113.7464434
1996-07-01,0.73199495089588,0.0840049085569056,12681455.7217795,13844458.163854,0.104248612803736,17324512.56154
1996-08-01,0.732401776364154,0.0828864455440061,12677903.8149303,13823701.2781372,0.103203888921012,17310039.6859589
1996-09-01,0.733656809338547,0.0823265798668094,12675579.0995248,13812734.2706353,0.10184663149717,17277259.528134
1996-10-01,0.734665085455914,0.082661943330861,12652021.9754219,13792104.1032152,0.101397880878546,17221482.5855926
1996-11-01,0.735524963888178,0.0829075466352651,12632008.4721966,13773974.9420582,0.100803308906564,17174139.6857837
1996-12-01,0.73646849930536,0.0831060276462369,12617528.1016782,13761163.7573401,0.100321913775103,17132474.9308071
1997-01-01,0.737514596416975,0.0826698551545942,12609337.2665768,13745691.6001619,0.0999084212857421,17097068.0822264
1997-02-01,0.73810082862578,0.0815593724276966,12594239.5861727,13712633.3571097,0.0996691764741917,17063034.0703195
1997-03-01,0.739401174864771,0.0810647907835815,12589808.1431986,13700430.6907927,0.0989652505349182,17027032.9168752
1997-04-01,0.740712445658566,0.0805434777379763,12595068.6083501,13698384.1034311,0.0990633902043278,17003992.145902
1997-05-01,0.742727132512563,0.0797287076119946,12610628.9920171,13703164.595403,0.0983768672376212,16978818.2496535
1997-06-01,0.744342837039524,0.0798383647705978,12624520.5002378,13719894.4369055,0.0976264291079422,16960626.0341663
1997-07-01,0.745674432016157,0.0791883786800635,12626444.0703081,13712298.7785587,0.0967846179069654,16932918.07816
1997-08-01,0.747013967344591,0.07911294252682,12634577.3550657,13720007.5215886,0.0961747633312628,16913441.9266319
1997-09-01,0.747706629585419,0.0785314655733189,12640642.3230502,13717931.5959117,0.096067673992275,16905885.0395095
1997-10-01,0.747994880019058,0.0782018119517156,12639839.8930105,13712155.2818114,0.0955953229437332,16898297.342207
1997-11-01,0.748692116492247,0.0778938024885708,12627153.1580982,13693816.6039619,0.0954952645491957,16865615.2241306
1997-12-01,0.74940528427676,0.0774194606429221,12612113.8970006,13670474.6729101,0.0950649869173994,16829496.8845495
1998-01-01,0.750293960068936,0.07678655325399,12606443.2012323,13654960.5572421,0.0949385260019938,16802005.4434052
1998-02-01,0.751914886802394,0.0763034858048395,12607807.2986132,13649296.1755937,0.0943563694817854,16767598.9927921
1998-03-01,0.75204751680665,0.0756421394894573,12601874.158158,13633111.9110057,0.0945347427780859,16756752.5675348
1998-04-01,0.753332618527967,0.0738965120424187,12607162.6998247,13613125.1677157,0.0938322165360277,16735187.6047255
1998-05-01,0.753633509953754,0.0730995851624668,12582011.7384923,13574286.4466165,0.0934271629268233,16695133.0750465
1998-06-01,0.753794229813705,0.0724276839975796,12547269.058108,13526998.2098897,0.0930523256269436,16645483.0268586
1998-07-01,0.753385094253145,0.0724478227379816,12521826.639733,13499862.2683366,0.0936093572838415,16620751.771239
1998-08-01,0.752663163979331,0.0725200585761611,12482362.1384379,13458363.4437154,0.0943322244638869,16584260.710254
1998-09-01,0.75255533739982,0.072581631268448,12445617.7498048,13419636.8860226,0.095008263537397,16537810.7513078
1998-10-01,0.753155183837337,0.0717664520404431,12435122.5595716,13396545.0687561,0.0949944140723177,16510704.3361429
1998-11-01,0.754284420804517,0.0702182444271246,12443820.4773204,13383592.872989,0.0944622113481235,16497517.5598189
1998-12-01,0.754961403605936,0.0690509353444293,12444835.9523671,13367902.0956656,0.0943365670970146,16484069.1099262
1999-01-01,0.756312130403961,0.0675619158189846,12442353.6103217,13343892.5558796,0.0938520810132278,16451347.4135024
1999-02-01,0.756635621697733,0.066529894503687,12441176.4302845,13327878.8008639,0.0937617995495592,16442758.0112724
1999-03-01,0.757748540697917,0.0655707964622361,12436607.1793582,13309309.1828391,0.0932082241865246,16412578.1989676
1999-04-01,0.756754736400527,0.0661488846125312,12382442.2970473,13259546.5090917,0.0934887538489572,16362556.7194252
1999-05-01,0.756613003867144,0.0658233370228306,12362221.3412584,13233279.9899546,0.093943067100888,16338896.2099164
1999-06-01,0.756594644826571,0.0651464737409127,12366166.1453514,13227918.382932,0.0940051901830943,16344506.5728505
1999-07-01,0.757737118200613,0.0643500392029607,12383318.8969402,13234991.0925999,0.0933891930345592,16342500.0564137
1999-08-01,0.75778865383189,0.0639491513881579,12401270.2622973,13248500.6350759,0.093366278841128,16365077.7820282
1999-09-01,0.758340813540725,0.0632998493948692,12421776.2422129,13261208.7594821,0.093407890813231,16380202.7009665
1999-10-01,0.758468185553846,0.0627990853698247,12406198.2589378,13237501.2286809,0.0939273762732273,16356913.1774178
1999-11-01,0.758098330484656,0.0630206519511003,12394913.8266665,13228588.0713132,0.0944889254875632,16350008.0771084
1999-12-01,0.75853182083739,0.0627713762273957,12384359.0910187,13213808.0046768,0.0945910731976996,16326749.5849374
2000-01-01,0.758614277269062,0.0628978041451123,12385794.5066865,13217122.4883188,0.0944421277374477,16326867.1284097
2000-02-01,0.758918658789443,0.0628825801384647,12398866.7117469,13230857.1465664,0.0941109171631079,16337543.6460139
2000-03-01,0.759011757358497,0.062850994985376,12408511.5796089,13240702.9332708,0.0938396128052526,16348246.8608824
2000-04-01,0.760348716116761,0.0625809907852573,12470411.6953131,13302921.7166818,0.0934261324646204,16400911.0964266
2000-05-01,0.760142386313574,0.063000236110932,12502088.3151512,13342680.3260447,0.0933124330239674,16447034.8453821
2000-06-01,0.760114966345403,0.0630056248785785,12519973.144474,13361844.5071793,0.0935816725538603,16471157.2575258
2000-07-01,0.758576351588414,0.0631190746364844,12497900.3625787,13339902.6751766,0.0943221288873927,16475467.9425596
2000-08-01,0.758682995015154,0.0622605354467554,12506839.734321,13337222.3384876,0.0939286853039249,16484934.836415
2000-09-01,0.758019415512654,0.0614415057703147,12506986.2981021,13325739.818025,0.0935492521993208,16499559.3017146
2000-10-01,0.758239267003917,0.0611173206159228,12530974.9559313,13346688.8154246,0.0930046412617638,16526412.5734952
2000-11-01,0.75800079289987,0.0611524047875203,12549591.573307,13367016.7951667,0.0930654219522771,16556172.0922432
2000-12-01,0.757318128684336,0.0616232288843376,12560920.1552957,13385796.1342773,0.0933074302164486,16586055.0269903
2001-01-01,0.756673005652604,0.0618572594513885,12562894.5541388,13391239.958636,0.0931016319971768,16602805.2544359
2001-02-01,0.75706070774611,0.0615953165101942,12574411.6267198,13399775.0096016,0.0937308748786597,16609515.5884603
2001-03-01,0.756721965516443,0.0620530117847435,12578447.7901058,13410616.9625219,0.0951373940513784,16622284.4892858
2001-04-01,0.755209705702277,0.0625685893762608,12558124.1626631,13396312.5412102,0.0962241596415374,16628658.328729
2001-05-01,0.75537630724141,0.0622751469204279,12544551.8295956,13377646.7461624,0.0967439128568354,16607023.1609561
2001-06-01,0.754376308949746,0.0625316842112911,12537495.4477736,13373780.4644903,0.0972353616266132,16619683.43787
2001-07-01,0.754423164630093,0.0624899244507135,12561910.7713203,13399227.4845263,0.0970783940626401,16651014.1261101
2001-08-01,0.753790266559823,0.0638958635448122,12551813.5195338,13408565.3836171,0.0971894592672917,16651599.3590873
2001-09-01,0.754418218495311,0.0644099736543482,12591603.3483766,13458462.5677964,0.0974892346279875,16690481.5388613
2001-10-01,0.75284404212062,0.0659794558430565,12593065.6090832,13482643.0616147,0.0981022713248731,16727323.1964629
2001-11-01,0.750932981042486,0.067871851137775,12587783.7199478,13504348.8766139,0.0984387694284166,16762859.0536439
2001-12-01,0.749236751628908,0.0695993047149827,12584473.5717309,13525864.3243767,0.0989005060547928,16796391.1865924
2002-01-01,0.746566757862023,0.0719517515353091,12557444.8775152,13531025.890399,0.100204698857593,16820257.1910334
2002-02-01,0.743965855604792,0.0739807650904313,12526841.2712167,13527625.3440243,0.1009712993843,16837924.9892232
2002-03-01,0.741840601876972,0.0765427833379592,12504021.7679183,13540445.1254555,0.101314169253452,16855402.2741289
2002-04-01,0.740486998331482,0.078303640954478,12489767.2599862,13550847.9961017,0.101914345870282,16866963.6173614
2002-05-01,0.738788905601752,0.0797884656351018,12480991.3080146,13563176.3370892,0.102006967505356,16893853.1878042
2002-06-01,0.737685113737212,0.0813746533606166,12464875.0082779,13569051.9033448,0.102177574093109,16897284.1882753
2002-07-01,0.736424924259508,0.0828872712822883,12450077.8058643,13575297.1428843,0.102653129850932,16906105.9664475
2002-08-01,0.735713260720285,0.084157628323603,12475473.1915944,13621856.3121936,0.102906011293511,16956977.4770412
2002-09-01,0.733869613175248,0.085655097114156,12460394.8059673,13627674.5970147,0.10346935682086,16979030.8554331
2002-10-01,0.732362426372436,0.0868221223052044,12461033.8835004,13645790.3633811,0.104284470172658,17014845.9762236
2002-11-01,0.73150114062717,0.0873435524497539,12476789.2898121,13670849.8836581,0.1049049377414,17056418.0926838
2002-12-01,0.730559739523836,0.0881263592576417,12490945.4352048,13698109.9980431,0.104923711438041,17097774.1578617
2003-01-01,0.73019694077528,0.0880570372260517,12540644.7261842,13751566.9708532,0.104864161841607,17174332.0546773
2003-02-01,0.729194225581314,0.0879966145663879,12572652.0452499,13785751.5071309,0.104667261066901,17241842.5766153
2003-03-01,0.727402898846366,0.087382284654274,12587171.1920954,13792380.95036,0.104816730548108,17304263.169776
2003-04-01,0.725755827314519,0.0878760895419543,12604699.673818,13819065.0736128,0.105063986927964,17367686.4854927
2003-05-01,0.724475204215497,0.0884618749130017,12629463.3844045,13855112.624279,0.105854103383488,17432568.1692314
2003-06-01,0.723363239935946,0.0894495524192995,12661236.9310239,13905036.1950448,0.106351404938609,17503290.5074704
2003-07-01,0.721858126310881,0.0902682560673471,12678861.8791701,13936923.6741823,0.107124594128736,17564201.9076055
2003-08-01,0.719593644082917,0.0904788132520172,12660894.7025509,13920395.5740935,0.108296880725016,17594506.0196946
2003-09-01,0.717097258390411,0.0922133716396136,12643186.2958069,13927486.8133303,0.109181736632574,17631062.1019325
2003-10-01,0.715783676950114,0.0923543428568114,12645033.0038929,13931684.5779807,0.109449088257761,17665997.9978479
2003-11-01,0.714432005847491,0.0924301077921225,12641088.5022672,13928501.3868351,0.110133463034684,17693900.0475934
2003-12-01,0.713309846983458,0.0921088423140257,12661032.4368922,13945539.9798832,0.110851438452269,17749695.2978217
2004-01-01,0.712550161860812,0.0924299503119172,12668833.9101245,13959070.0623919,0.111533792224117,17779567.7949746
2004-02-01,0.71134349936204,0.0928749263212297,12653411.0856883,13948915.5937157,0.112378942667562,17788046.2772716
2004-03-01,0.710902142945099,0.093263359972718,12656706.5338287,13958525.5245094,0.112739293367622,17803725.3923515
2004-04-01,0.711226713140546,0.0922025012607151,12676803.9716028,13964352.1701787,0.112521165125409,17823858.0432758
2004-05-01,0.710132645866302,0.0920558140917906,12673762.7239876,13958746.4964161,0.112431012814334,17847035.7584063
2004-06-01,0.709473712972993,0.0910316211392411,12674477.0738182,13943804.1724879,0.112820374469604,17864618.2967186
2004-07-01,0.709883219046868,0.0903041526074801,12699742.5625159,13960427.1020006,0.112180819848553,17889903.8909067
2004-08-01,0.709990156161216,0.0897910848324824,12733318.940314,13989446.5195065,0.111828044188057,17934500.6826019
2004-09-01,0.710901726620493,0.0878610255648085,12774341.1575311,14004818.9097951,0.111295473634365,17969208.2311548
2004-10-01,0.711822377912559,0.0868481407376678,12802047.3535792,14019625.7870197,0.111035987660676,17984890.2631041
2004-11-01,0.713169330052157,0.0858984886684714,12851939.5287342,14059641.4833768,0.110474134577512,18020880.8583991
2004-12-01,0.713967611810863,0.0852161547817888,12875274.4493224,14074663.1202819,0.109935880335974,18033415.2926998
2005-01-01,0.714850799465009,0.0841266281380678,12918960.421594,14105618.5478242,0.109648240266665,18072247.2874934
2005-02-01,0.715202099585168,0.0841211352234507,12969662.5903908,14160892.9839811,0.109793884194795,18134262.4663903
2005-03-01,0.71564697810051,0.0834407198039561,13007487.0604677,14191648.4198224,0.109869677315229,18175842.9204753
2005-04-01,0.715479032760981,0.08347401555097,13028092.8350703,14214646.4542433,0.110459378665309,18208909.3300133
2005-05-01,0.715844514617684,0.0831362205455971,13043952.3325049,14226706.9817797,0.110150004237696,18221767.5293236
2005-06-01,0.715993489128393,0.0829859458932411,13060468.7917042,14242386.7259331,0.110100779302155,18241044.0737432
2005-07-01,0.71617861632797,0.0820144313486556,13085778.0466709,14254884.2743746,0.109943385102477,18271668.196078
2005-08-01,0.7169270144428,0.0818339965633536,13118826.2402795,14288076.6562653,0.109866217518759,18298691.4650936
2005-09-01,0.71768527375254,0.0820612969404496,13142855.5235233,14317792.1136971,0.10936178616213,18312839.9093431
2005-10-01,0.718407915125349,0.0817275886830803,13152705.5709089,14323315.6183427,0.108749789816867,18308130.0943267
2005-11-01,0.718651939544203,0.0813351637160272,13154924.3307819,14319612.3452314,0.108296502214224,18305000.803484
2005-12-01,0.718948011006173,0.0808650485548362,13180053.8961658,14339628.6643683,0.108009613831589,18332415.8275649
2006-01-01,0.71925203730537,0.0801886087525763,13190259.3349202,14340178.2804972,0.107211396566684,18338855.7150796
2006-02-01,0.719952294369514,0.078997040279069,13224588.8043642,14358899.3550806,0.106416252534917,18368701.520627
2006-03-01,0.721172267642481,0.0770895017041298,13277674.5017767,14386741.2130359,0.1055116120923,18411238.3372444
2006-04-01,0.721726434190787,0.076249882149249,13303054.9730956,14401140.2174943,0.10444794219436,18432267.8827902
2006-05-01,0.722744186750707,0.0757744122310144,13343578.2690404,14437577.195034,0.103902694476958,18462380.6232605
2006-06-01,0.723507230217624,0.0755404776160332,13376884.545002,14469951.5999425,0.10302089548452,18488943.8367856
2006-07-01,0.72440468080676,0.0756451434442814,13398934.7153969,14495444.7097549,0.10290424960503,18496477.2735519
2006-08-01,0.725493820331545,0.0744689927463756,13408211.3953209,14487047.2088318,0.102535344463971,18481496.3540192
2006-09-01,0.725522898818778,0.0736436366427691,13393850.5895844,14458637.2149951,0.102247175888363,18460961.8957456
2006-10-01,0.725355593165919,0.073420125859238,13401065.5284042,14462936.1185201,0.101856127234061,18475166.7384453
2006-11-01,0.725504758403389,0.0730504421703487,13394126.1908633,14449681.8383776,0.101220431638355,18461803.366169
2006-12-01,0.726174181584449,0.0724511403844612,13402147.647433,14448993.7198435,0.100761015221181,18455830.5532023
2007-01-01,0.72606716306685,0.0730475410416493,13403043.4536133,14459256.5930239,0.100945767613202,18459784.6251577
2007-02-01,0.726676508556327,0.0728441354670492,13411812.3224487,14465542.2410609,0.100287829179219,18456372.4911016
2007-03-01,0.72621262638227,0.0735253474265588,13402674.6999232,14466315.5788396,0.100033593301649,18455579.2794329
2007-04-01,0.726379229097607,0.0732413497040941,13404115.1026713,14463436.730147,0.0998306780766858,18453329.2882334
2007-05-01,0.726635972068011,0.0726648481313902,13413671.374246,14464750.2547671,0.0994410011668,18459960.5440267
2007-06-01,0.727057923696674,0.0725475686579468,13417356.1401138,14466894.1356901,0.0992501157701984,18454315.2654114
2007-07-01,0.726831666686204,0.072446391457039,13404000.9895732,14450917.8403486,0.0988360184327339,18441685.4740041
2007-08-01,0.726103945631108,0.0729511804132844,13390251.3294996,14443954.8884481,0.0985010649776789,18441232.0165278
2007-09-01,0.725374984957158,0.0739660644690894,13407323.5794957,14478220.5760193,0.0988709970164798,18483300.1654828
2007-10-01,0.725159288106975,0.0742297850640669,13435703.1744817,14513000.048734,0.0992973785422235,18527933.6482824
2007-11-01,0.725292809783846,0.0744737780953457,13480465.848306,14565190.622654,0.0994971665219279,18586239.4697164
2007-12-01,0.723935591766053,0.0760071831873689,13477226.7449061,14585856.6210467,0.10000474915901,18616610.2318967
2008-01-01,0.723440076755702,0.0764728796331325,13455584.978199,14569777.8456726,0.100086876521742,18599446.4649251
2008-02-01,0.722363982257115,0.0773574607052539,13416311.1236509,14541179.8743922,0.100589053100882,18572785.2622579
2008-03-01,0.721317974014942,0.0790382383719987,13373686.0061544,14521434.616909,0.100745008629199,18540624.9226189
2008-04-01,0.72019659035359,0.0802350616243153,13350782.0834274,14515428.3734767,0.101106374721272,18537691.3224106
2008-05-01,0.719149111402252,0.0819050431540887,13334070.3096402,14523628.7490883,0.101500806830048,18541454.1966693
2008-06-01,0.71802626608735,0.0831385000025489,13307125.0288595,14513778.8301684,0.101680824816951,18532922.3419253
2008-07-01,0.717344992832793,0.0844639720228193,13279483.7400754,14504599.8565623,0.101752561730608,18511990.5662613
2008-08-01,0.715986606218684,0.0863574399390211,13247547.4475695,14499704.8371798,0.10231661624921,18502507.3548978
2008-09-01,0.714788463608737,0.0875947336176205,13205330.847894,14473098.0129611,0.102687187097587,18474459.9559212
2008-10-01,0.712548115572361,0.0896604457967259,13138042.5897916,14432024.3244731,0.103821323899599,18438112.8834203
2008-11-01,0.709499152591703,0.0916923723593555,13064308.4029643,14383131.8877055,0.105348020571717,18413423.5470784
2008-12-01,0.707073847717923,0.0940863955404703,13002722.296814,14353159.3220431,0.10651812769437,18389482.7093099
2009-01-01,0.70341636749316,0.0972064416465655,12933643.6034813,14326247.1068916,0.107806619325826,18386896.0137711
2009-02-01,0.69988176567318,0.101180767583298,12868827.1467501,14317480.8489011,0.109088511454552,18387144.483429
2009-03-01,0.696511841087241,0.105073168938706,12809084.8238843,14312996.7493477,0.110990098925399,18390333.1835531
2009-04-01,0.692598903133834,0.109951024259999,12730957.4187368,14303659.4229571,0.112567894251402,18381428.791083
2009-05-01,0.687593217877584,0.11530500522872,12628256.4198443,14274135.7128499,0.114704649747232,18365882.7508863
2009-06-01,0.683302961724911,0.120034416389086,12536446.4887479,14246519.0937411,0.116829086632332,18346834.6999423
2009-07-01,0.678896390985624,0.124707069808848,12445175.753788,14218298.0400289,0.1189709030099,18331480.2067515
2009-08-01,0.675215839311957,0.128975602340024,12371350.7575239,14203219.5547676,0.120159427948974,18322068.347997
2009-09-01,0.67123340713619,0.133400985352388,12293990.0927162,14186480.5808894,0.121519649978476,18315521.7872251
2009-10-01,0.666918246763123,0.137013711152628,12218988.0761706,14158959.689256,0.122789174157621,18321568.1014506
2009-11-01,0.662861291108252,0.141164792530806,12125309.3753395,14118318.9392878,0.123854737281077,18292378.1158905
2009-12-01,0.659027467720805,0.143424618400235,12028214.471152,14042213.5979296,0.125042373706449,18251461.5251935
2010-01-01,0.65650427692469,0.145905636194059,11969252.8096759,14013970.0212275,0.12623426735155,18231797.1571248
2010-02-01,0.65411077093995,0.147544745427335,11911185.5398509,13972798.5439212,0.126592900800257,18209737.6606941
2010-03-01,0.651248104213139,0.149153761926714,11853472.4092649,13931391.9235357,0.127295138725479,18201162.2491964
2010-04-01,0.649450753389266,0.150724544561812,11820961.7658005,13918878.3687401,0.128277332814208,18201475.1759249
2010-05-01,0.648754800817635,0.150985199861992,11817658.332503,13919260.6896629,0.128919485114138,18215908.8728269
2010-06-01,0.647809644000587,0.151575841689969,11823349.7684657,13935659.0128415,0.12945347039599,18251271.6165352
2010-07-01,0.647145851261644,0.151616586974641,11834016.5866521,13948901.4105682,0.129446512021779,18286475.2413712
2010-08-01,0.646690982807814,0.15076279688286,11817453.666762,13915374.4364777,0.129328478368471,18273725.7529907
2010-09-01,0.6467384018546,0.149833144827782,11819456.2478409,13902513.5782865,0.128820316231986,18275482.3495051
2010-10-01,0.647348793897612,0.149504760584424,11823539.1319822,13901946.2826233,0.128748985718575,18264557.2888056
2010-11-01,0.647459939606734,0.149823265801429,11826385.6237437,13910502.543794,0.12863685297456,18265818.3159981
2010-12-01,0.647958261986641,0.150136008715297,11857349.642793,13952055.5811157,0.12807183974054,18299557.7623138
2011-01-01,0.647945687474738,0.149857839400232,11861054.7432632,13951848.635404,0.127758391445145,18305631.1239446
2011-02-01,0.648004372041572,0.149456412183766,11871809.4179738,13957908.3165563,0.12783115396801,18320569.9377785
2011-03-01,0.649320396106367,0.148025723238036,11910198.0567894,13979527.7646828,0.126720911384149,18342559.587237
2011-04-01,0.649446382940037,0.146699322184847,11919907.5625076,13969176.2498398,0.126044148425264,18353951.728157
2011-05-01,0.649502235739502,0.145350727185437,11931719.863177,13960954.7948049,0.125413202412786,18370560.1099154
2011-06-01,0.649266037352115,0.144100266740621,11926751.8746325,13934753.5828921,0.124751755387598,18369591.4902204
2011-07-01,0.648224773207765,0.143891688442731,11909965.4168243,13911750.7166354,0.124722403267242,18373203.1065203
2011-08-01,0.648386280634025,0.143737504380527,11944727.5705427,13949843.2217344,0.125040427138214,18422239.8395945
2011-09-01,0.648341904526912,0.143954965428604,11960674.4066238,13972015.4005826,0.125555403037962,18448097.0967801
2011-10-01,0.648928953815068,0.14337514964131,11995316.2549438,14002998.2201907,0.124766313199269,18484791.2616984
2011-11-01,0.64967214241825,0.141638747860418,12025366.0045967,14009679.461441,0.124183773168679,18509899.4083926
2011-12-01,0.649605672933867,0.14056252535478,12030003.0595957,13997531.4254964,0.124283702990067,18518931.6547432
2012-01-01,0.650183137551782,0.138784032334069,12025066.533446,13962893.1475067,0.12405269533209,18494891.4220161
2012-02-01,0.650744754598276,0.137692311906685,12010337.2632154,13928134.2716217,0.12397438784238,18456295.1577377
2012-03-01,0.65109013000271,0.136704790593483,11982429.7477099,13879875.1772842,0.123806596934739,18403642.1311747
2012-04-01,0.652288395877387,0.134251400742215,11993060.8785324,13852821.5798607,0.123396668431035,18386132.5057004
2012-05-01,0.652870308603908,0.133298436442789,11973237.6324488,13814717.9327876,0.123007607209002,18339381.4585508
2012-06-01,0.653669111676335,0.132667912218301,11975235.0641785,13806978.0109329,0.123336480945585,18320025.9126027
2012-07-01,0.65507918091738,0.131334418712224,12002731.0089836,13817435.9241791,0.123298044514184,18322565.2083384
2012-08-01,0.654670448216965,0.13126763863085,11976790.0997276,13786513.1222369,0.123295842011487,18294380.2219073
2012-09-01,0.655911362790687,0.12929452453518,11987962.0363668,13768102.2735812,0.122715710294292,18276801.8918927
2012-10-01,0.657188806645182,0.128396092957202,12008740.4368261,13777749.6633415,0.122503468596812,18272892.5316429
2012-11-01,0.658140581592205,0.12714230386509,12027068.7432454,13778957.0928942,0.122177085834879,18274315.669988
2012-12-01,0.659399035824364,0.12611923088769,12062326.1029917,13803171.4729741,0.122123611566925,18292908.3114471
2013-01-01,0.660100996384621,0.126350847742815,12119302.9997864,13872048.0280609,0.131700748475401,18359770.8019892
2013-02-01,0.660506460588688,0.125789425921542,12163057.1453018,13913189.2314657,0.141513598878648,18414743.64151
2013-03-01,0.660534020381216,0.125180659395092,12208078.0137533,13954970.411733,0.151238985674907,18482133.6026077
2013-04-01,0.660705431647881,0.124916393363825,12234226.2598368,13980637.0123482,0.160817149054195,18516914.9121768
2013-05-01,0.660880114233191,0.123718886594994,12269884.1357015,14002223.6563148,0.170518989934642,18565975.6912766
2013-06-01,0.661331786329682,0.122474754814529,12294173.4320361,14010050.9922511,0.180331746851079,18590023.4740982
2013-07-01,0.661116398945375,0.121781479739293,12319756.4692574,14028121.9138947,0.191370184577798,18634776.703331
2013-08-01,0.661557065153181,0.120774727633964,12371654.9916484,14071086.6492221,0.201378340004617,18700813.0414022
2013-09-01,0.661476552570523,0.120306009249178,12417528.1748556,14115736.0461871,0.210746385611236,18772438.9120076
2013-10-01,0.660708684089773,0.119179142659732,12433049.6270727,14115298.8413734,0.220224219766769,18817748.1641566
2013-11-01,0.66016697282584,0.118832726412937,12443483.5758018,14121590.6999664,0.229471301233532,18848994.4029427
2013-12-01,0.660174790549525,0.117882708269255,12460709.2093086,14125909.7017136,0.238602457234399,18874863.7295532
2014-01-01,0.660367766145367,0.116429764561729,12487875.6684888,14133427.2790375,0.237995746136803,18910486.4118093
2014-02-01,0.660411792575208,0.115322928373204,12504193.0213661,14134189.0983709,0.237172143722613,18933933.5880229
2014-03-01,0.661545898829509,0.114620759171528,12536827.5637372,14159839.0673879,0.236544061115553,18950805.3574498
2014-04-01,0.661958034081626,0.113788334565634,12553404.2494507,14165243.7437706,0.235897658771177,18964048.4790955
2014-05-01,0.66260448152522,0.113264473132578,12561628.3177185,14166149.8125547,0.235119515694756,18957958.5830803
2014-06-01,0.663838399428923,0.111902737818286,12586892.2822291,14172875.8979708,0.233566271274374,18960777.642657
2014-07-01,0.664919515047887,0.110736108917212,12588640.7923037,14156248.6889865,0.23183781859168,18932578.3157336
2014-08-01,0.665885996840113,0.10933271652689,12595734.2032458,14141907.3507779,0.230310748484931,18915751.7398135
2014-09-01,0.666199821449299,0.10890450542457,12577637.1693624,14114802.7859294,0.230019641244123,18879676.5841217
2014-10-01,0.667703080440317,0.107638447758139,12595737.3238703,14115060.5292511,0.22887799019395,18864279.1876354
2014-11-01,0.669343708848839,0.105943975762159,12629801.4980812,14126409.4818306,0.227718110393593,18868932.8533503
2014-12-01,0.670433259243399,0.104987412772605,12630826.8678335,14112457.2414805,0.226847041990027,18839797.5394115
2015-01-01,0.672265981888884,0.102980743550639,12634487.1846263,14084967.6233673,0.225638682985916,18793881.4769815
2015-02-01,0.67447092925332,0.101393822212166,12670589.8641987,14100270.1488107,0.224891468659289,18785968.8455747
2015-03-01,0.674805353867968,0.100156587093196,12676255.8802001,14087179.7230269,0.224926847562279,18785055.2867432
2015-04-01,0.675904283884353,0.0991376982815434,12700167.4836305,14097789.9279435,0.223966609523717,18789890.5014242
2015-05-01,0.67705685016275,0.098275694972535,12732691.2737382,14120381.5875301,0.22357816433948,18805941.1416893
2015-06-01,0.677153475067206,0.0979707425730519,12739950.137078,14123655.1167075,0.223751497647722,18813977.342158
2015-07-01,0.677519582968554,0.0973879881193605,12737057.6179905,14111331.8350951,0.223692704916736,18799541.648941
2015-08-01,0.679037270425729,0.0957805892590235,12768469.1598161,14120985.4689503,0.223221081054183,18803782.5255318
2015-09-01,0.679983134135559,0.0939718348501346,12776023.8815238,14101133.2461287,0.222175675193876,18788736.4261843
2015-10-01,0.680133311615662,0.0929963216829304,12759564.0420475,14067819.510636,0.222076865502148,18760386.8596541
2015-11-01,0.680728819957707,0.0925343953230336,12757398.3035005,14058272.0025425,0.222051164760274,18740793.5869281
2015-12-01,0.681446360665421,0.0917193706647554,12756592.6451575,14044770.1218662,0.221300439276633,18719877.8678646
2016-01-01,0.682095800197919,0.0907281819329742,12758267.3272635,14031301.8326969,0.220806012760769,18704509.4304371
2016-02-01,0.682977117810714,0.0897698622262261,12756701.8658778,14014809.3723615,0.219907525891003,18678080.9096057
2016-03-01,0.684256286823565,0.0884590885515512,12752774.4319585,13990347.8514137,0.218693901963101,18637423.8388939
2016-04-01,0.684699812519012,0.0877254815326435,12745119.0650419,13970705.9739583,0.21802633049968,18614170.5197093
2016-05-01,0.686240105524995,0.0863067848715021,12760229.2202721,13965551.0285009,0.216780466477665,18594409.037796
2016-06-01,0.68737657192627,0.0852754735350012,12786609.6634013,13978645.2570763,0.21547829297608,18602044.6224531
2016-07-01,0.688813504757298,0.0842343850956372,12832652.0176875,14013031.0734889,0.214249951146467,18630081.914856
2016-08-01,0.690179450250884,0.083242526678693,12852147.2351341,14019135.4956423,0.213369448045098,18621457.4056969
2016-09-01,0.691492615833639,0.082064432076938,12891179.2435608,14043664.6035283,0.212447756983027,18642540.7132072
2016-10-01,0.691987233807353,0.081591584927849,12921147.4399274,14069064.729674,0.211693679198632,18672522.8568662
2016-11-01,0.692562386478301,0.0808873508506623,12927928.8097661,14065663.0302404,0.211075313119874,18666807.5861079
2016-12-01,0.69308311036437,0.0803021126183255,12972971.0742455,14105687.5874519,0.210870347156646,18717771.1882566
2017-01-01,0.693237807919832,0.0806939519986705,12999963.6845729,14141061.850769,0.210778641347974,18752531.2902095
2017-02-01,0.693836471944812,0.0801851239722943,13021408.9725914,14156554.0109825,0.210184741386547,18767259.2881902
2017-03-01,0.694845494547023,0.0793786957398226,13063491.1846072,14189864.088693,0.209360880965722,18800569.7484207
2017-04-01,0.696272762581188,0.0783237764821119,13098819.8438009,14211953.731219,0.208042861970389,18812770.7239927
2017-05-01,0.696894483468259,0.0774551473595903,13113872.1530431,14214888.4311803,0.207026113921421,18817586.3981285
2017-06-01,0.697646615297646,0.076628546148221,13103845.109122,14191304.1111031,0.206437218387932,18782926.5157852
2017-07-01,0.699304059902507,0.0753272419515038,13126024.4265582,14195318.6273816,0.205061970841473,18770124.7271296
2017-08-01,0.699507521797585,0.0749204073270759,13103235.5033964,14164441.2082812,0.204170119095716,18732086.6396459
2017-09-01,0.701353442344818,0.0747368207127223,13111997.7422587,14171100.7589849,0.203280418092485,18695278.2300771
2017-10-01,0.70342575887551,0.0743352626933248,13117166.0244815,14170536.5839551,0.202248311303822,18647548.599088
2017-11-01,0.704605217132328,0.0736138382013618,13121854.4191589,14164562.2098694,0.201046676507861,18622987.8804525
2017-12-01,0.70511277159918,0.0730023036858674,13090562.3710645,14121461.599219,0.20029470426179,18565203.8912519
2018-01-01,0.70580317439421,0.0724387669427068,13072368.9468791,14093267.8954163,0.200038243545689,18521266.8646596
2018-02-01,0.706962499977425,0.0716157293595697,13067893.9387461,14075953.6239573,0.199315023299727,18484564.5124931
2018-03-01,0.708297160197108,0.0708327945986383,13062779.1752599,14058588.2705765,0.1988036782111,18442512.4217987
2018-04-01,0.709347539312196,0.0703940237606324,13077798.5449753,14068109.370252,0.198922512245072,18436376.8395615
2018-05-01,0.71018530913534,0.0697001138419946,13084871.3019282,14065218.6425247,0.199012278269956,18424587.4050242
2018-06-01,0.711227317815041,0.0690682974635987,13101878.3425827,14073941.5221176,0.198418084792362,18421506.056366
2018-07-01,0.711758755508554,0.0679288663582596,13063953.2703616,14016047.4869754,0.197270856781406,18354467.9559682
2018-08-01,0.711268389797458,0.067611422725786,13022082.1574237,13966368.1804136,0.196903471297724,18308253.7396774
2018-09-01,0.710669828878276,0.0666076103040076,12984322.507473,13910893.9078687,0.196482549604487,18270541.3679479
2018-10-01,0.71070613507803,0.0654458590678969,12967017.5197983,13875084.3336538,0.196059335584155,18245259.0174624
2018-11-01,0.711280591223657,0.0646216702868501,12960026.6924235,13855384.8007126,0.195856565749394,18220694.9723282
2018-12-01,0.712211853487959,0.06430729430249,12948372.3037682,13838274.2805672,0.195233154146324,18180506.6011683
2019-01-01,0.712766499495341,0.0637448631312753,12907363.8569425,13786160.78958,0.194722340962948,18108825.0725606
2019-02-01,0.712384781661651,0.0637362597083272,12861901.9854113,13737477.4135806,0.194619937909011,18054711.8867569
2019-03-01,0.711894384578542,0.063719315180987,12814211.0819728,13686292.2516123,0.194513914445735,18000157.550841
2019-04-01,0.712505195653285,0.0631540399446759,12773832.9267705,13634934.0995356,0.193253407998274,17928055.8299065
2019-05-01,0.713818661575141,0.0623676339467531,12764862.5882594,13613931.2703018,0.191904524402025,17882500.5220401
2019-06-01,0.714760402577801,0.0613354645805817,12739067.6244354,13571480.6980998,0.191040268741264,17822850.2565219
2019-07-01,0.714903033998472,0.0615837729109484,12723818.3393644,13558821.7382317,0.191619810344666,17797963.8276253
2019-08-01,0.717382689207213,0.061081131001053,12753286.5512403,13582948.401961,0.190625983680632,17777522.0159467
2019-09-01,0.719714317811457,0.0607535850169104,12759303.2569059,13584617.4692459,0.189423117585397,17728288.7683894
2019-10-01,0.721646763729433,0.0607405615703661,12762040.974336,13587343.8713303,0.188256502418499,17684609.1685944
2019-11-01,0.722836146299882,0.0610259389159555,12734624.7605426,13562275.3474579,0.187377865196928,17617581.558047
2019-12-01,0.724002873794147,0.0600857199537908,12727840.2418912,13541490.4444962,0.186485414486459,17579820.056778
2020-01-01,0.725539761432093,0.0592813675397135,12733917.9628576,13536372.6447665,0.185360652085315,17550958.1138916
2020-02-01,0.727002475783385,0.0584903982440614,12739788.5630074,13531235.9419886,0.184628317544967,17523721.015227
2020-03-01,0.726763088027346,0.0592426191895045,12692394.1879883,13491676.437397,0.184662517769355,17464280.1720149
2020-04-01,0.712017301560363,0.0728733230318312,12377790.47715,13350700.3785362,0.197524090601878,17384114.7539876
2020-05-01,0.698014708981132,0.0859131071671074,12080314.2621587,13215717.6269315,0.20967944770125,17306675.7859472
2020-06-01,0.687916813203845,0.0954381860838056,11853848.2106959,13104519.8109525,0.218199925682188,17231514.0190989
2020-07-01,0.679242959664354,0.103252094156341,11641305.7909368,12981692.7534218,0.22597901106065,17138647.7037455
2020-08-01,0.671282214308507,0.109032629498464,11450879.3128484,12852187.0631498,0.232118872338788,17058219.4325587
2020-09-01,0.663959890347685,0.114633660463158,11291424.214447,12753392.2515666,0.237686181856053,17006184.2267825
2020-10-01,0.659130653905024,0.118372996540969,11163446.479215,12662323.6759033,0.241587853338946,16936621.613753
2020-11-01,0.654224055093285,0.121940269791532,11051342.9067764,12586094.6887436,0.2459960968909,16892290.6773898
2020-12-01,0.649796052158877,0.125567700270205,10927309.645696,12496461.5889333,0.250122239922656,16816522.0601006
2021-01-01,0.64383691338385,0.129372638022877,10805613.2688293,12411295.2805557,0.255669864081752,16783152.7584178
2021-02-01,0.638890100582773,0.13300387428638,10691424.8579114,12331571.6654574,0.260357680708418,16734372.3876127
2021-03-01,0.636000939890225,0.135354125634084,10648620.9050547,12315586.3235499,0.263421015166637,16743089.8874029
2021-04-01,0.648446306869642,0.123430580862864,10869110.4532293,12399600.323644,0.253952580726473,16761774.009786
2021-05-01,0.658069569692289,0.112692109143435,11043594.0920385,12446180.4136302,0.245933821241884,16781803.3239288
2021-06-01,0.66433773131154,0.105545588142081,11155927.0500615,12472326.0371526,0.240493428930365,16792553.7332306
2021-07-01,0.670215897100113,0.100022677358638,11272414.0979436,12525220.1520589,0.235040850067925,16819078.9665197
2021-08-01,0.674055229295488,0.0965663338351465,11345517.2001572,12558218.3009847,0.232499507610025,16831732.3374456
2021-09-01,0.677944083101909,0.0928862802214232,11436853.8781001,12607960.4229685,0.230052801013615,16869907.3613434
2021-10-01,0.680529882155202,0.0900819101627879,11502538.1409861,12641289.6605275,0.228338342533708,16902326.3233617
2021-11-01,0.683431092032507,0.0870765903247022,11550096.2165426,12651769.1343358,0.225942765050964,16900162.0663656
2021-12-01,0.686870207889849,0.084344324958378,11627533.2433828,12698586.9910698,0.223544730295619,16928282.9708163
2022-01-01,0.690586421331228,0.0821231860541509,11682242.9336637,12727462.7228495,0.220527100222808,16916409.8407033
2022-02-01,0.693417089660112,0.0799809473417205,11719269.9799054,12738073.1366857,0.217773105039642,16900751.5889893
2022-03-01,0.696350750963955,0.0773841035578791,11764220.2956975,12750940.387071,0.215416202875684,16894101.5420926
2022-04-01,0.698806068245129,0.0746178793698055,11807783.8417473,12759900.562706,0.212796672232354,16897082.5788612
2022-05-01,0.702139605666308,0.0726441186401273,11828214.3165042,12754773.6033758,0.209329253552868,16845958.0132637
2022-06-01,0.705334414819135,0.0701706338849535,11878474.7146848,12774897.3602702,0.206341789280365,16840911.8640989
2022-07-01,0.707683919951405,0.0679786575016072,11908847.7598712,12777441.0486654,0.203846264485657,16827919.1092669
2022-08-01,0.709422690594141,0.0664923000079037,11933959.7973798,12783997.1726863,0.201584881390902,16822072.30697
2022-09-01,0.709856122853148,0.0652870995565349,11913204.6999143,12745308.9545059,0.200738697271684,16782562.4325549
2022-10-01,0.709196609236097,0.0653772997571655,11880811.3548241,12711879.7261581,0.201012906317632,16752493.1733971
2022-11-01,0.708822447964371,0.0657512352276817,11882389.8502413,12718657.2766164,0.200800213435427,16763563.1241163
2022-12-01,0.708479581497328,0.0658499337003099,11878081.2583898,12715388.7655767,0.201238392881476,16765594.3355293
2023-01-01,0.708273000696429,0.0655510572474879,11924538.5685679,12761038.1081314,0.201021627946344,16836076.7060763
2023-02-01,0.70970654432701,0.0646794399614524,11985435.5575027,12814254.3525492,0.200322355891773,16887875.2116737
2023-03-01,0.710386897742864,0.0639002464377365,12003789.209048,12823194.4975611,0.199312345115508,16897537.4506315
2023-04-01,0.710712658663923,0.0629949461941001,12013965.6854795,12821665.8348656,0.19896241290308,16904111.020148
2023-05-01,0.711144643853714,0.0624402690065464,12054784.4577649,12857617.5567945,0.199278688369112,16951241.300841
2023-06-01,0.710791547233452,0.0625493312191189,12073897.697127,12879501.9292361,0.199865492842895,16986552.1672579
2023-07-01,0.709885332846557,0.0626276569010319,12093968.6982714,12901990.1081022,0.201076259397914,17036510.1780256
2023-08-01,0.710789059314397,0.0620849489338421,12141546.1204058,12945251.3920148,0.201456360648843,17081785.3219592
2023-09-01,0.711798715321153,0.0619759940474629,12178404.288283,12983041.1705894,0.201306096266582,17109337.2692986
2023-10-01,0.712342749635314,0.0615091004801973,12222497.2611504,13023565.0312691,0.201262147569315,17158168.9676882
2023-11-01,0.714166861637318,0.0603118825927353,12271191.5929985,13058791.9179573,0.200090087472153,17182527.2946231
2023-12-01,0.714901223129778,0.0598543520707077,12321595.4480133,13106049.5521647,0.199176390865054,17235381.6854172
2024-01-01,0.716352763311018,0.0589744915838614,12336692.4910227,13109838.5545222,0.198241892178484,17221532.6342875
2024-02-01,0.716250825024072,0.0593179304350345,12339267.1342138,13117361.8945669,0.198380187334471,17227578.2492803
2024-03-01,0.716670548188921,0.0594726845060122,12334867.168808,13114842.0312805,0.198858838934301,17211349.3431244
2024-04-01,0.716412491352883,0.0602104177320253,12327737.7486369,13117550.9723002,0.199149327626064,17207597.4350433
2024-05-01,0.715180480429882,0.061059767960042,12298053.3936132,13097802.1539179,0.200128532442757,17195734.1260503
2024-06-01,0.714036931829103,0.0622569030497766,12254896.3910039,13068500.7768758,0.200550443202943,17162832.683754
2024-07-01,0.712915044558553,0.063196268163253,12217863.8108241,13042074.2313538,0.20143265646469,17137895.8882675
2024-08-01,0.711785892949661,0.0635010287220874,12175376.6898575,13000950.4156138,0.201893022150609,17105391.9590937
2024-09-01,0.710810441258845,0.0634698407906871,12134834.5392049,12957227.7196604,0.202183840143279,17071829.330073
2024-10-01,0.710337620064481,0.0638780931674706,12081329.9977773,12905722.9721883,0.202171944688155,17007870.1402308
2024-11-01,0.708523966152868,0.0649580723218582,12026016.289828,12861472.7680613,0.203184193765171,16973337.3383636
2024-12-01,0.708015650374987,0.0655302966815998,11975617.1988347,12815415.1561127,0.20337865702,16914339.665362
2025-01-01,0.706999607699638,0.0668233676133228,11967282.3340556,12824241.3265839,0.204669111305442,16926858.5211716
2025-02-01,0.70515220111187,0.0676241728381002,11933025.1157837,12798514.0413895,0.206435586147782,16922623.3669383
2025-03-01,0.70453963094315,0.0674311609248901,11938144.5141627,12801354.7246577,0.206825695862096,16944603.2413839
2025-04-01,0.702938096545717,0.0681133837369021,11905168.5859655,12775340.2379634,0.208089381704015,16936297.2991053
2025-05-01,0.702839863948928,0.068262753403855,11896466.2989604,12768048.4411469,0.208231730860813,16926282.7980754
2025-06-01,0.70302301832788,0.0680777963456165,11917566.6772868,12788156.1685664,0.208705123770827,16951886.8751017
2025-07-01,0.704000988566016,0.0674073756091252,11940318.3642565,12803359.2074089,0.207880661514918,16960655.6783078
2025-08-01,0.70391509879184,0.0680010834491787,11950326.2924894,12822253.417113,0.208109776823711,16976942.692379
2025-09-01,0.704146683460383,0.0692868149181268,11981960.5679881,12873955.9727351,0.208104176828241,17016284.8869858
2025-11-01,0.702597470223441,0.0706401664257825,12026061.8961681,12940156.7204784,0.209714046285001,17116574.4339267
2025-12-01,0.700970363212914,0.0712918448121336,12058129.2014049,12983765.8192694,0.210680858245822,17202052.8031117
2026-01-01,0.699374434706062,0.0710043933054948,12066478.828691,12988736.1595015,0.210237322588263,17253245.5147039
2026-02-01,0.698973895253524,0.0710262036699025,12096263.8523837,13021103.3940568,0.210076400465988,17305744.7989474
2026-03-01,0.698833731788051,0.0710924555638847,12123733.6876027,13051604.2852922,0.209814322418958,17348523.8850486
